// Validating benchmarks:
// ***** BenchmarkRunner: Start   *****
// ***** Found 8 benchmark(s) in total *****
// ***** Building 1 exe(s) in Parallel: Start   *****
// start dotnet  restore --nodeReuse:false /p:UseSharedCompilation=false /p:Deterministic=true /p:Optimize=true /p:ArtifactsPath="C:\projects\Benchmark.NET\Benchmark.NET\ConcatSpanCollectionExpr\bin\Release\net10.0\ConcatSpanCollectionExpr-MediumRun-1/" /p:OutDir="C:\projects\Benchmark.NET\Benchmark.NET\ConcatSpanCollectionExpr\bin\Release\net10.0\ConcatSpanCollectionExpr-MediumRun-1\bin\Release\net10.0/" /p:OutputPath="C:\projects\Benchmark.NET\Benchmark.NET\ConcatSpanCollectionExpr\bin\Release\net10.0\ConcatSpanCollectionExpr-MediumRun-1\bin\Release\net10.0/" /p:PublishDir="C:\projects\Benchmark.NET\Benchmark.NET\ConcatSpanCollectionExpr\bin\Release\net10.0\ConcatSpanCollectionExpr-MediumRun-1\publish/" in C:\projects\Benchmark.NET\Benchmark.NET\ConcatSpanCollectionExpr\bin\Release\net10.0\ConcatSpanCollectionExpr-MediumRun-1
// command took 1.06 sec and exited with 0
// start dotnet  build -c Release --no-restore --nodeReuse:false /p:UseSharedCompilation=false /p:Deterministic=true /p:Optimize=true /p:ArtifactsPath="C:\projects\Benchmark.NET\Benchmark.NET\ConcatSpanCollectionExpr\bin\Release\net10.0\ConcatSpanCollectionExpr-MediumRun-1/" /p:OutDir="C:\projects\Benchmark.NET\Benchmark.NET\ConcatSpanCollectionExpr\bin\Release\net10.0\ConcatSpanCollectionExpr-MediumRun-1\bin\Release\net10.0/" /p:OutputPath="C:\projects\Benchmark.NET\Benchmark.NET\ConcatSpanCollectionExpr\bin\Release\net10.0\ConcatSpanCollectionExpr-MediumRun-1\bin\Release\net10.0/" /p:PublishDir="C:\projects\Benchmark.NET\Benchmark.NET\ConcatSpanCollectionExpr\bin\Release\net10.0\ConcatSpanCollectionExpr-MediumRun-1\publish/" --output "C:\projects\Benchmark.NET\Benchmark.NET\ConcatSpanCollectionExpr\bin\Release\net10.0\ConcatSpanCollectionExpr-MediumRun-1\bin\Release\net10.0/" in C:\projects\Benchmark.NET\Benchmark.NET\ConcatSpanCollectionExpr\bin\Release\net10.0\ConcatSpanCollectionExpr-MediumRun-1
// command took 6.82 sec and exited with 0
// ***** Done, took 00:00:07 (7.97 sec)   *****
// Found 8 benchmarks:
//   ConcatBench.CollectionExpr_Array: MediumRun(IterationCount=15, LaunchCount=2, WarmupCount=10) [Size=4]
//   ConcatBench.CustomConcat_Array: MediumRun(IterationCount=15, LaunchCount=2, WarmupCount=10) [Size=4]
//   ConcatBench.CollectionExpr_Array: MediumRun(IterationCount=15, LaunchCount=2, WarmupCount=10) [Size=10]
//   ConcatBench.CustomConcat_Array: MediumRun(IterationCount=15, LaunchCount=2, WarmupCount=10) [Size=10]
//   ConcatBench.CollectionExpr_Array: MediumRun(IterationCount=15, LaunchCount=2, WarmupCount=10) [Size=100]
//   ConcatBench.CustomConcat_Array: MediumRun(IterationCount=15, LaunchCount=2, WarmupCount=10) [Size=100]
//   ConcatBench.CollectionExpr_Array: MediumRun(IterationCount=15, LaunchCount=2, WarmupCount=10) [Size=1024]
//   ConcatBench.CustomConcat_Array: MediumRun(IterationCount=15, LaunchCount=2, WarmupCount=10) [Size=1024]

Setup power plan (GUID: 8c5e7fda-e8bf-4a96-9a85-a6e23a8c635c FriendlyName: High performance)
// **************************
// Benchmark: ConcatBench.CollectionExpr_Array: MediumRun(IterationCount=15, LaunchCount=2, WarmupCount=10) [Size=4]
// *** Execute ***
// Launch: 1 / 2
// Execute: dotnet ConcatSpanCollectionExpr-MediumRun-1.dll --anonymousPipes 1716 1712 --benchmarkName "ConcatSpanCollectionExpr.ConcatBench.CollectionExpr_Array(Size: 4)" --job MediumRun --benchmarkId 0 in C:\projects\Benchmark.NET\Benchmark.NET\ConcatSpanCollectionExpr\bin\Release\net10.0\ConcatSpanCollectionExpr-MediumRun-1\bin\Release\net10.0
// BeforeAnythingElse

// Benchmark Process Environment Information:
// BenchmarkDotNet v0.15.8
// Runtime=.NET 10.0.1 (10.0.1, 10.0.125.57005), X64 RyuJIT x86-64-v3
// GC=Non-concurrent Workstation
// HardwareIntrinsics=AVX2+BMI1+BMI2+F16C+FMA+LZCNT+MOVBE,AVX,SSE3+SSSE3+SSE4.1+SSE4.2+POPCNT,X86Base+SSE+SSE2,AES+PCLMUL VectorSize=256
// Job: MediumRun(IterationCount=15, LaunchCount=2, WarmupCount=10)

OverheadJitting  1: 1 op, 191900.00 ns, 191.9000 us/op
WorkloadJitting  1: 1 op, 420400.00 ns, 420.4000 us/op

OverheadJitting  2: 16 op, 444900.00 ns, 27.8063 us/op
WorkloadJitting  2: 16 op, 417800.00 ns, 26.1125 us/op

WorkloadPilot    1: 16 op, 6700.00 ns, 418.7500 ns/op
WorkloadPilot    2: 32 op, 3100.00 ns, 96.8750 ns/op
WorkloadPilot    3: 64 op, 4700.00 ns, 73.4375 ns/op
WorkloadPilot    4: 128 op, 12500.00 ns, 97.6563 ns/op
WorkloadPilot    5: 256 op, 18700.00 ns, 73.0469 ns/op
WorkloadPilot    6: 512 op, 28200.00 ns, 55.0781 ns/op
WorkloadPilot    7: 1024 op, 61500.00 ns, 60.0586 ns/op
WorkloadPilot    8: 2048 op, 118300.00 ns, 57.7637 ns/op
WorkloadPilot    9: 4096 op, 247200.00 ns, 60.3516 ns/op
WorkloadPilot   10: 8192 op, 461800.00 ns, 56.3721 ns/op
WorkloadPilot   11: 16384 op, 845800.00 ns, 51.6235 ns/op
WorkloadPilot   12: 32768 op, 1786900.00 ns, 54.5319 ns/op
WorkloadPilot   13: 65536 op, 3569300.00 ns, 54.4632 ns/op
WorkloadPilot   14: 131072 op, 7149300.00 ns, 54.5448 ns/op
WorkloadPilot   15: 262144 op, 13891400.00 ns, 52.9915 ns/op
WorkloadPilot   16: 524288 op, 26133600.00 ns, 49.8459 ns/op
WorkloadPilot   17: 1048576 op, 51194800.00 ns, 48.8232 ns/op
WorkloadPilot   18: 2097152 op, 66854300.00 ns, 31.8786 ns/op
WorkloadPilot   19: 4194304 op, 68575900.00 ns, 16.3498 ns/op
WorkloadPilot   20: 8388608 op, 127718100.00 ns, 15.2252 ns/op
WorkloadPilot   21: 16777216 op, 247251500.00 ns, 14.7373 ns/op
WorkloadPilot   22: 33554432 op, 494058500.00 ns, 14.7241 ns/op
WorkloadPilot   23: 67108864 op, 975966500.00 ns, 14.5430 ns/op

OverheadWarmup   1: 67108864 op, 170804000.00 ns, 2.5452 ns/op
OverheadWarmup   2: 67108864 op, 138509700.00 ns, 2.0640 ns/op
OverheadWarmup   3: 67108864 op, 130604200.00 ns, 1.9462 ns/op
OverheadWarmup   4: 67108864 op, 128992100.00 ns, 1.9221 ns/op
OverheadWarmup   5: 67108864 op, 127835800.00 ns, 1.9049 ns/op
OverheadWarmup   6: 67108864 op, 127832900.00 ns, 1.9049 ns/op
OverheadWarmup   7: 67108864 op, 127814000.00 ns, 1.9046 ns/op
OverheadWarmup   8: 67108864 op, 127810500.00 ns, 1.9045 ns/op
OverheadWarmup   9: 67108864 op, 127809100.00 ns, 1.9045 ns/op
OverheadWarmup  10: 67108864 op, 127822000.00 ns, 1.9047 ns/op

OverheadActual   1: 67108864 op, 127804300.00 ns, 1.9044 ns/op
OverheadActual   2: 67108864 op, 127822500.00 ns, 1.9047 ns/op
OverheadActual   3: 67108864 op, 127885100.00 ns, 1.9056 ns/op
OverheadActual   4: 67108864 op, 127321300.00 ns, 1.8972 ns/op
OverheadActual   5: 67108864 op, 127278700.00 ns, 1.8966 ns/op
OverheadActual   6: 67108864 op, 127308100.00 ns, 1.8970 ns/op
OverheadActual   7: 67108864 op, 127346000.00 ns, 1.8976 ns/op
OverheadActual   8: 67108864 op, 127302300.00 ns, 1.8970 ns/op
OverheadActual   9: 67108864 op, 127336700.00 ns, 1.8975 ns/op
OverheadActual  10: 67108864 op, 127321600.00 ns, 1.8972 ns/op
OverheadActual  11: 67108864 op, 127374100.00 ns, 1.8980 ns/op
OverheadActual  12: 67108864 op, 127304900.00 ns, 1.8970 ns/op
OverheadActual  13: 67108864 op, 127311100.00 ns, 1.8971 ns/op
OverheadActual  14: 67108864 op, 127334600.00 ns, 1.8974 ns/op
OverheadActual  15: 67108864 op, 127283100.00 ns, 1.8967 ns/op

WorkloadWarmup   1: 67108864 op, 954806700.00 ns, 14.2277 ns/op
WorkloadWarmup   2: 67108864 op, 956214800.00 ns, 14.2487 ns/op
WorkloadWarmup   3: 67108864 op, 961467100.00 ns, 14.3270 ns/op
WorkloadWarmup   4: 67108864 op, 989697500.00 ns, 14.7476 ns/op
WorkloadWarmup   5: 67108864 op, 1012305900.00 ns, 15.0845 ns/op
WorkloadWarmup   6: 67108864 op, 1079244000.00 ns, 16.0820 ns/op
WorkloadWarmup   7: 67108864 op, 1008778400.00 ns, 15.0320 ns/op
WorkloadWarmup   8: 67108864 op, 988602900.00 ns, 14.7313 ns/op
WorkloadWarmup   9: 67108864 op, 1016406000.00 ns, 15.1456 ns/op
WorkloadWarmup  10: 67108864 op, 1015081600.00 ns, 15.1259 ns/op

// BeforeActualRun
WorkloadActual   1: 67108864 op, 1030565900.00 ns, 15.3566 ns/op
WorkloadActual   2: 67108864 op, 1019969600.00 ns, 15.1987 ns/op
WorkloadActual   3: 67108864 op, 1002270700.00 ns, 14.9350 ns/op
WorkloadActual   4: 67108864 op, 1002541400.00 ns, 14.9390 ns/op
WorkloadActual   5: 67108864 op, 988546400.00 ns, 14.7305 ns/op
WorkloadActual   6: 67108864 op, 1001353200.00 ns, 14.9213 ns/op
WorkloadActual   7: 67108864 op, 998682000.00 ns, 14.8815 ns/op
WorkloadActual   8: 67108864 op, 976206000.00 ns, 14.5466 ns/op
WorkloadActual   9: 67108864 op, 982973900.00 ns, 14.6475 ns/op
WorkloadActual  10: 67108864 op, 1009275100.00 ns, 15.0394 ns/op
WorkloadActual  11: 67108864 op, 1045505300.00 ns, 15.5792 ns/op
WorkloadActual  12: 67108864 op, 961621300.00 ns, 14.3293 ns/op
WorkloadActual  13: 67108864 op, 948880300.00 ns, 14.1394 ns/op
WorkloadActual  14: 67108864 op, 1031279000.00 ns, 15.3673 ns/op
WorkloadActual  15: 67108864 op, 974387000.00 ns, 14.5195 ns/op

// AfterActualRun
WorkloadResult   1: 67108864 op, 903244300.00 ns, 13.4594 ns/op
WorkloadResult   2: 67108864 op, 892648000.00 ns, 13.3015 ns/op
WorkloadResult   3: 67108864 op, 874949100.00 ns, 13.0378 ns/op
WorkloadResult   4: 67108864 op, 875219800.00 ns, 13.0418 ns/op
WorkloadResult   5: 67108864 op, 861224800.00 ns, 12.8332 ns/op
WorkloadResult   6: 67108864 op, 874031600.00 ns, 13.0241 ns/op
WorkloadResult   7: 67108864 op, 871360400.00 ns, 12.9843 ns/op
WorkloadResult   8: 67108864 op, 848884400.00 ns, 12.6494 ns/op
WorkloadResult   9: 67108864 op, 855652300.00 ns, 12.7502 ns/op
WorkloadResult  10: 67108864 op, 881953500.00 ns, 13.1421 ns/op
WorkloadResult  11: 67108864 op, 918183700.00 ns, 13.6820 ns/op
WorkloadResult  12: 67108864 op, 834299700.00 ns, 12.4320 ns/op
WorkloadResult  13: 67108864 op, 821558700.00 ns, 12.2422 ns/op
WorkloadResult  14: 67108864 op, 903957400.00 ns, 13.4700 ns/op
WorkloadResult  15: 67108864 op, 847065400.00 ns, 12.6223 ns/op
// GC:  342 0 0 2147483648 67108864
// Threading:  0 0 67108864

// AfterAll
// Benchmark Process 21020 has exited with code 0.
// Launch: 2 / 2
// Execute: dotnet ConcatSpanCollectionExpr-MediumRun-1.dll --anonymousPipes 1712 1716 --benchmarkName "ConcatSpanCollectionExpr.ConcatBench.CollectionExpr_Array(Size: 4)" --job MediumRun --benchmarkId 0 in C:\projects\Benchmark.NET\Benchmark.NET\ConcatSpanCollectionExpr\bin\Release\net10.0\ConcatSpanCollectionExpr-MediumRun-1\bin\Release\net10.0
// BeforeAnythingElse

// Benchmark Process Environment Information:
// BenchmarkDotNet v0.15.8
// Runtime=.NET 10.0.1 (10.0.1, 10.0.125.57005), X64 RyuJIT x86-64-v3
// GC=Non-concurrent Workstation
// HardwareIntrinsics=AVX2+BMI1+BMI2+F16C+FMA+LZCNT+MOVBE,AVX,SSE3+SSSE3+SSE4.1+SSE4.2+POPCNT,X86Base+SSE+SSE2,AES+PCLMUL VectorSize=256
// Job: MediumRun(IterationCount=15, LaunchCount=2, WarmupCount=10)

OverheadJitting  1: 1 op, 188100.00 ns, 188.1000 us/op
WorkloadJitting  1: 1 op, 370900.00 ns, 370.9000 us/op

OverheadJitting  2: 16 op, 419300.00 ns, 26.2063 us/op
WorkloadJitting  2: 16 op, 404000.00 ns, 25.2500 us/op

WorkloadPilot    1: 16 op, 3100.00 ns, 193.7500 ns/op
WorkloadPilot    2: 32 op, 3400.00 ns, 106.2500 ns/op
WorkloadPilot    3: 64 op, 4500.00 ns, 70.3125 ns/op
WorkloadPilot    4: 128 op, 12900.00 ns, 100.7813 ns/op
WorkloadPilot    5: 256 op, 18100.00 ns, 70.7031 ns/op
WorkloadPilot    6: 512 op, 28900.00 ns, 56.4453 ns/op
WorkloadPilot    7: 1024 op, 60300.00 ns, 58.8867 ns/op
WorkloadPilot    8: 2048 op, 118900.00 ns, 58.0566 ns/op
WorkloadPilot    9: 4096 op, 233800.00 ns, 57.0801 ns/op
WorkloadPilot   10: 8192 op, 463600.00 ns, 56.5918 ns/op
WorkloadPilot   11: 16384 op, 854000.00 ns, 52.1240 ns/op
WorkloadPilot   12: 32768 op, 1788500.00 ns, 54.5807 ns/op
WorkloadPilot   13: 65536 op, 3540500.00 ns, 54.0237 ns/op
WorkloadPilot   14: 131072 op, 7125400.00 ns, 54.3625 ns/op
WorkloadPilot   15: 262144 op, 14226600.00 ns, 54.2702 ns/op
WorkloadPilot   16: 524288 op, 26126000.00 ns, 49.8314 ns/op
WorkloadPilot   17: 1048576 op, 50803200.00 ns, 48.4497 ns/op
WorkloadPilot   18: 2097152 op, 83569900.00 ns, 39.8492 ns/op
WorkloadPilot   19: 4194304 op, 61509300.00 ns, 14.6650 ns/op
WorkloadPilot   20: 8388608 op, 121187500.00 ns, 14.4467 ns/op
WorkloadPilot   21: 16777216 op, 240570200.00 ns, 14.3391 ns/op
WorkloadPilot   22: 33554432 op, 477098800.00 ns, 14.2187 ns/op
WorkloadPilot   23: 67108864 op, 966836700.00 ns, 14.4070 ns/op

OverheadWarmup   1: 67108864 op, 177092400.00 ns, 2.6389 ns/op
OverheadWarmup   2: 67108864 op, 138950500.00 ns, 2.0705 ns/op
OverheadWarmup   3: 67108864 op, 129944500.00 ns, 1.9363 ns/op
OverheadWarmup   4: 67108864 op, 127740000.00 ns, 1.9035 ns/op
OverheadWarmup   5: 67108864 op, 127723400.00 ns, 1.9032 ns/op
OverheadWarmup   6: 67108864 op, 127730900.00 ns, 1.9033 ns/op
OverheadWarmup   7: 67108864 op, 127669000.00 ns, 1.9024 ns/op
OverheadWarmup   8: 67108864 op, 127098300.00 ns, 1.8939 ns/op
OverheadWarmup   9: 67108864 op, 128072200.00 ns, 1.9084 ns/op
OverheadWarmup  10: 67108864 op, 127392000.00 ns, 1.8983 ns/op

OverheadActual   1: 67108864 op, 127339600.00 ns, 1.8975 ns/op
OverheadActual   2: 67108864 op, 127655700.00 ns, 1.9022 ns/op
OverheadActual   3: 67108864 op, 128668800.00 ns, 1.9173 ns/op
OverheadActual   4: 67108864 op, 128153100.00 ns, 1.9096 ns/op
OverheadActual   5: 67108864 op, 127681100.00 ns, 1.9026 ns/op
OverheadActual   6: 67108864 op, 127656700.00 ns, 1.9022 ns/op
OverheadActual   7: 67108864 op, 127366000.00 ns, 1.8979 ns/op
OverheadActual   8: 67108864 op, 127278000.00 ns, 1.8966 ns/op
OverheadActual   9: 67108864 op, 128875800.00 ns, 1.9204 ns/op
OverheadActual  10: 67108864 op, 127823600.00 ns, 1.9047 ns/op
OverheadActual  11: 67108864 op, 129358900.00 ns, 1.9276 ns/op
OverheadActual  12: 67108864 op, 130026300.00 ns, 1.9375 ns/op
OverheadActual  13: 67108864 op, 127285300.00 ns, 1.8967 ns/op
OverheadActual  14: 67108864 op, 127891000.00 ns, 1.9057 ns/op
OverheadActual  15: 67108864 op, 127623100.00 ns, 1.9017 ns/op

WorkloadWarmup   1: 67108864 op, 1074227000.00 ns, 16.0072 ns/op
WorkloadWarmup   2: 67108864 op, 1106924900.00 ns, 16.4945 ns/op
WorkloadWarmup   3: 67108864 op, 1124297800.00 ns, 16.7533 ns/op
WorkloadWarmup   4: 67108864 op, 1000151700.00 ns, 14.9034 ns/op
WorkloadWarmup   5: 67108864 op, 1006802100.00 ns, 15.0025 ns/op
WorkloadWarmup   6: 67108864 op, 969849100.00 ns, 14.4519 ns/op
WorkloadWarmup   7: 67108864 op, 975398700.00 ns, 14.5346 ns/op
WorkloadWarmup   8: 67108864 op, 966607100.00 ns, 14.4036 ns/op
WorkloadWarmup   9: 67108864 op, 975734700.00 ns, 14.5396 ns/op
WorkloadWarmup  10: 67108864 op, 963366000.00 ns, 14.3553 ns/op

// BeforeActualRun
WorkloadActual   1: 67108864 op, 978415800.00 ns, 14.5795 ns/op
WorkloadActual   2: 67108864 op, 973469500.00 ns, 14.5058 ns/op
WorkloadActual   3: 67108864 op, 958074100.00 ns, 14.2764 ns/op
WorkloadActual   4: 67108864 op, 993916800.00 ns, 14.8105 ns/op
WorkloadActual   5: 67108864 op, 1050108700.00 ns, 15.6478 ns/op
WorkloadActual   6: 67108864 op, 1028036100.00 ns, 15.3189 ns/op
WorkloadActual   7: 67108864 op, 958067900.00 ns, 14.2763 ns/op
WorkloadActual   8: 67108864 op, 984265700.00 ns, 14.6667 ns/op
WorkloadActual   9: 67108864 op, 953675700.00 ns, 14.2109 ns/op
WorkloadActual  10: 67108864 op, 1004467600.00 ns, 14.9677 ns/op
WorkloadActual  11: 67108864 op, 1033959800.00 ns, 15.4072 ns/op
WorkloadActual  12: 67108864 op, 1022262000.00 ns, 15.2329 ns/op
WorkloadActual  13: 67108864 op, 979652400.00 ns, 14.5980 ns/op
WorkloadActual  14: 67108864 op, 966419800.00 ns, 14.4008 ns/op
WorkloadActual  15: 67108864 op, 970981300.00 ns, 14.4687 ns/op

// AfterActualRun
WorkloadResult   1: 67108864 op, 850734700.00 ns, 12.6769 ns/op
WorkloadResult   2: 67108864 op, 845788400.00 ns, 12.6032 ns/op
WorkloadResult   3: 67108864 op, 830393000.00 ns, 12.3738 ns/op
WorkloadResult   4: 67108864 op, 866235700.00 ns, 12.9079 ns/op
WorkloadResult   5: 67108864 op, 922427600.00 ns, 13.7452 ns/op
WorkloadResult   6: 67108864 op, 900355000.00 ns, 13.4163 ns/op
WorkloadResult   7: 67108864 op, 830386800.00 ns, 12.3737 ns/op
WorkloadResult   8: 67108864 op, 856584600.00 ns, 12.7641 ns/op
WorkloadResult   9: 67108864 op, 825994600.00 ns, 12.3083 ns/op
WorkloadResult  10: 67108864 op, 876786500.00 ns, 13.0651 ns/op
WorkloadResult  11: 67108864 op, 906278700.00 ns, 13.5046 ns/op
WorkloadResult  12: 67108864 op, 894580900.00 ns, 13.3303 ns/op
WorkloadResult  13: 67108864 op, 851971300.00 ns, 12.6954 ns/op
WorkloadResult  14: 67108864 op, 838738700.00 ns, 12.4982 ns/op
WorkloadResult  15: 67108864 op, 843300200.00 ns, 12.5662 ns/op
// GC:  342 0 0 2147483648 67108864
// Threading:  0 0 67108864

// AfterAll
// Benchmark Process 31496 has exited with code 0.

Mean = 12.917 ns, StdErr = 0.078 ns (0.60%), N = 30, StdDev = 0.426 ns
Min = 12.242 ns, Q1 = 12.608 ns, Median = 12.871 ns, Q3 = 13.262 ns, Max = 13.745 ns
IQR = 0.654 ns, LowerFence = 11.627 ns, UpperFence = 14.242 ns
ConfidenceInterval = [12.632 ns; 13.202 ns] (CI 99.9%), Margin = 0.285 ns (2.21% of Mean)
Skewness = 0.27, Kurtosis = 1.89, MValue = 2

// ** Remained 7 (87.5%) benchmark(s) to run. Estimated finish 2026-01-10 18:20 (0h 7m from now) **
Setup power plan (GUID: 8c5e7fda-e8bf-4a96-9a85-a6e23a8c635c FriendlyName: High performance)
// **************************
// Benchmark: ConcatBench.CustomConcat_Array: MediumRun(IterationCount=15, LaunchCount=2, WarmupCount=10) [Size=4]
// *** Execute ***
// Launch: 1 / 2
// Execute: dotnet ConcatSpanCollectionExpr-MediumRun-1.dll --anonymousPipes 1728 1696 --benchmarkName "ConcatSpanCollectionExpr.ConcatBench.CustomConcat_Array(Size: 4)" --job MediumRun --benchmarkId 1 in C:\projects\Benchmark.NET\Benchmark.NET\ConcatSpanCollectionExpr\bin\Release\net10.0\ConcatSpanCollectionExpr-MediumRun-1\bin\Release\net10.0
// BeforeAnythingElse

// Benchmark Process Environment Information:
// BenchmarkDotNet v0.15.8
// Runtime=.NET 10.0.1 (10.0.1, 10.0.125.57005), X64 RyuJIT x86-64-v3
// GC=Non-concurrent Workstation
// HardwareIntrinsics=AVX2+BMI1+BMI2+F16C+FMA+LZCNT+MOVBE,AVX,SSE3+SSSE3+SSE4.1+SSE4.2+POPCNT,X86Base+SSE+SSE2,AES+PCLMUL VectorSize=256
// Job: MediumRun(IterationCount=15, LaunchCount=2, WarmupCount=10)

OverheadJitting  1: 1 op, 201000.00 ns, 201.0000 us/op
WorkloadJitting  1: 1 op, 455300.00 ns, 455.3000 us/op

OverheadJitting  2: 16 op, 440500.00 ns, 27.5313 us/op
WorkloadJitting  2: 16 op, 447400.00 ns, 27.9625 us/op

WorkloadPilot    1: 16 op, 6000.00 ns, 375.0000 ns/op
WorkloadPilot    2: 32 op, 6600.00 ns, 206.2500 ns/op
WorkloadPilot    3: 64 op, 4100.00 ns, 64.0625 ns/op
WorkloadPilot    4: 128 op, 12600.00 ns, 98.4375 ns/op
WorkloadPilot    5: 256 op, 17400.00 ns, 67.9688 ns/op
WorkloadPilot    6: 512 op, 23900.00 ns, 46.6797 ns/op
WorkloadPilot    7: 1024 op, 51400.00 ns, 50.1953 ns/op
WorkloadPilot    8: 2048 op, 120600.00 ns, 58.8867 ns/op
WorkloadPilot    9: 4096 op, 210200.00 ns, 51.3184 ns/op
WorkloadPilot   10: 8192 op, 415200.00 ns, 50.6836 ns/op
WorkloadPilot   11: 16384 op, 722400.00 ns, 44.0918 ns/op
WorkloadPilot   12: 32768 op, 1489600.00 ns, 45.4590 ns/op
WorkloadPilot   13: 65536 op, 2921100.00 ns, 44.5724 ns/op
WorkloadPilot   14: 131072 op, 5805500.00 ns, 44.2924 ns/op
WorkloadPilot   15: 262144 op, 11431200.00 ns, 43.6066 ns/op
WorkloadPilot   16: 524288 op, 21115300.00 ns, 40.2742 ns/op
WorkloadPilot   17: 1048576 op, 40725300.00 ns, 38.8387 ns/op
WorkloadPilot   18: 2097152 op, 81233400.00 ns, 38.7351 ns/op
WorkloadPilot   19: 4194304 op, 74813300.00 ns, 17.8369 ns/op
WorkloadPilot   20: 8388608 op, 129324500.00 ns, 15.4167 ns/op
WorkloadPilot   21: 16777216 op, 246655600.00 ns, 14.7018 ns/op
WorkloadPilot   22: 33554432 op, 516778500.00 ns, 15.4012 ns/op

OverheadWarmup   1: 33554432 op, 85679900.00 ns, 2.5535 ns/op
OverheadWarmup   2: 33554432 op, 85539600.00 ns, 2.5493 ns/op
OverheadWarmup   3: 33554432 op, 74737300.00 ns, 2.2273 ns/op
OverheadWarmup   4: 33554432 op, 66191300.00 ns, 1.9727 ns/op
OverheadWarmup   5: 33554432 op, 66123900.00 ns, 1.9706 ns/op
OverheadWarmup   6: 33554432 op, 66362800.00 ns, 1.9778 ns/op
OverheadWarmup   7: 33554432 op, 65747100.00 ns, 1.9594 ns/op
OverheadWarmup   8: 33554432 op, 65689100.00 ns, 1.9577 ns/op
OverheadWarmup   9: 33554432 op, 65703900.00 ns, 1.9581 ns/op
OverheadWarmup  10: 33554432 op, 65714700.00 ns, 1.9585 ns/op

OverheadActual   1: 33554432 op, 65650500.00 ns, 1.9565 ns/op
OverheadActual   2: 33554432 op, 66333400.00 ns, 1.9769 ns/op
OverheadActual   3: 33554432 op, 65716900.00 ns, 1.9585 ns/op
OverheadActual   4: 33554432 op, 66315900.00 ns, 1.9764 ns/op
OverheadActual   5: 33554432 op, 66424200.00 ns, 1.9796 ns/op
OverheadActual   6: 33554432 op, 65649200.00 ns, 1.9565 ns/op
OverheadActual   7: 33554432 op, 65673900.00 ns, 1.9572 ns/op
OverheadActual   8: 33554432 op, 65724500.00 ns, 1.9587 ns/op
OverheadActual   9: 33554432 op, 65789000.00 ns, 1.9607 ns/op
OverheadActual  10: 33554432 op, 65729300.00 ns, 1.9589 ns/op
OverheadActual  11: 33554432 op, 65761900.00 ns, 1.9599 ns/op
OverheadActual  12: 33554432 op, 65667000.00 ns, 1.9570 ns/op
OverheadActual  13: 33554432 op, 67122000.00 ns, 2.0004 ns/op
OverheadActual  14: 33554432 op, 66098600.00 ns, 1.9699 ns/op
OverheadActual  15: 33554432 op, 65712400.00 ns, 1.9584 ns/op

WorkloadWarmup   1: 33554432 op, 497826700.00 ns, 14.8364 ns/op
WorkloadWarmup   2: 33554432 op, 511329300.00 ns, 15.2388 ns/op
WorkloadWarmup   3: 33554432 op, 497408300.00 ns, 14.8239 ns/op
WorkloadWarmup   4: 33554432 op, 501251500.00 ns, 14.9385 ns/op
WorkloadWarmup   5: 33554432 op, 491092700.00 ns, 14.6357 ns/op
WorkloadWarmup   6: 33554432 op, 504645800.00 ns, 15.0396 ns/op
WorkloadWarmup   7: 33554432 op, 488057800.00 ns, 14.5453 ns/op
WorkloadWarmup   8: 33554432 op, 488615800.00 ns, 14.5619 ns/op
WorkloadWarmup   9: 33554432 op, 486720000.00 ns, 14.5054 ns/op
WorkloadWarmup  10: 33554432 op, 490632800.00 ns, 14.6220 ns/op

// BeforeActualRun
WorkloadActual   1: 33554432 op, 492256600.00 ns, 14.6704 ns/op
WorkloadActual   2: 33554432 op, 493682400.00 ns, 14.7129 ns/op
WorkloadActual   3: 33554432 op, 488383300.00 ns, 14.5550 ns/op
WorkloadActual   4: 33554432 op, 489721300.00 ns, 14.5948 ns/op
WorkloadActual   5: 33554432 op, 485147300.00 ns, 14.4585 ns/op
WorkloadActual   6: 33554432 op, 494897100.00 ns, 14.7491 ns/op
WorkloadActual   7: 33554432 op, 496959000.00 ns, 14.8105 ns/op
WorkloadActual   8: 33554432 op, 491003600.00 ns, 14.6330 ns/op
WorkloadActual   9: 33554432 op, 491707200.00 ns, 14.6540 ns/op
WorkloadActual  10: 33554432 op, 488665000.00 ns, 14.5634 ns/op
WorkloadActual  11: 33554432 op, 496349800.00 ns, 14.7924 ns/op
WorkloadActual  12: 33554432 op, 520457800.00 ns, 15.5109 ns/op
WorkloadActual  13: 33554432 op, 493549300.00 ns, 14.7089 ns/op
WorkloadActual  14: 33554432 op, 489053200.00 ns, 14.5749 ns/op
WorkloadActual  15: 33554432 op, 487279300.00 ns, 14.5221 ns/op

// AfterActualRun
WorkloadResult   1: 33554432 op, 426527300.00 ns, 12.7115 ns/op
WorkloadResult   2: 33554432 op, 427953100.00 ns, 12.7540 ns/op
WorkloadResult   3: 33554432 op, 422654000.00 ns, 12.5961 ns/op
WorkloadResult   4: 33554432 op, 423992000.00 ns, 12.6359 ns/op
WorkloadResult   5: 33554432 op, 419418000.00 ns, 12.4996 ns/op
WorkloadResult   6: 33554432 op, 429167800.00 ns, 12.7902 ns/op
WorkloadResult   7: 33554432 op, 431229700.00 ns, 12.8516 ns/op
WorkloadResult   8: 33554432 op, 425274300.00 ns, 12.6742 ns/op
WorkloadResult   9: 33554432 op, 425977900.00 ns, 12.6951 ns/op
WorkloadResult  10: 33554432 op, 422935700.00 ns, 12.6045 ns/op
WorkloadResult  11: 33554432 op, 430620500.00 ns, 12.8335 ns/op
WorkloadResult  12: 33554432 op, 427820000.00 ns, 12.7500 ns/op
WorkloadResult  13: 33554432 op, 423323900.00 ns, 12.6160 ns/op
WorkloadResult  14: 33554432 op, 421550000.00 ns, 12.5632 ns/op
// GC:  171 0 0 1073741824 33554432
// Threading:  0 0 33554432

// AfterAll
// Benchmark Process 28148 has exited with code 0.
// Launch: 2 / 2
// Execute: dotnet ConcatSpanCollectionExpr-MediumRun-1.dll --anonymousPipes 888 1548 --benchmarkName "ConcatSpanCollectionExpr.ConcatBench.CustomConcat_Array(Size: 4)" --job MediumRun --benchmarkId 1 in C:\projects\Benchmark.NET\Benchmark.NET\ConcatSpanCollectionExpr\bin\Release\net10.0\ConcatSpanCollectionExpr-MediumRun-1\bin\Release\net10.0
// BeforeAnythingElse

// Benchmark Process Environment Information:
// BenchmarkDotNet v0.15.8
// Runtime=.NET 10.0.1 (10.0.1, 10.0.125.57005), X64 RyuJIT x86-64-v3
// GC=Non-concurrent Workstation
// HardwareIntrinsics=AVX2+BMI1+BMI2+F16C+FMA+LZCNT+MOVBE,AVX,SSE3+SSSE3+SSE4.1+SSE4.2+POPCNT,X86Base+SSE+SSE2,AES+PCLMUL VectorSize=256
// Job: MediumRun(IterationCount=15, LaunchCount=2, WarmupCount=10)

OverheadJitting  1: 1 op, 197100.00 ns, 197.1000 us/op
WorkloadJitting  1: 1 op, 443300.00 ns, 443.3000 us/op

OverheadJitting  2: 16 op, 435100.00 ns, 27.1938 us/op
WorkloadJitting  2: 16 op, 412900.00 ns, 25.8063 us/op

WorkloadPilot    1: 16 op, 3400.00 ns, 212.5000 ns/op
WorkloadPilot    2: 32 op, 3000.00 ns, 93.7500 ns/op
WorkloadPilot    3: 64 op, 3900.00 ns, 60.9375 ns/op
WorkloadPilot    4: 128 op, 13100.00 ns, 102.3438 ns/op
WorkloadPilot    5: 256 op, 17500.00 ns, 68.3594 ns/op
WorkloadPilot    6: 512 op, 24100.00 ns, 47.0703 ns/op
WorkloadPilot    7: 1024 op, 53900.00 ns, 52.6367 ns/op
WorkloadPilot    8: 2048 op, 103300.00 ns, 50.4395 ns/op
WorkloadPilot    9: 4096 op, 202300.00 ns, 49.3896 ns/op
WorkloadPilot   10: 8192 op, 384400.00 ns, 46.9238 ns/op
WorkloadPilot   11: 16384 op, 695000.00 ns, 42.4194 ns/op
WorkloadPilot   12: 32768 op, 1481000.00 ns, 45.1965 ns/op
WorkloadPilot   13: 65536 op, 2918600.00 ns, 44.5343 ns/op
WorkloadPilot   14: 131072 op, 5840600.00 ns, 44.5602 ns/op
WorkloadPilot   15: 262144 op, 11441000.00 ns, 43.6440 ns/op
WorkloadPilot   16: 524288 op, 21032500.00 ns, 40.1163 ns/op
WorkloadPilot   17: 1048576 op, 40858700.00 ns, 38.9659 ns/op
WorkloadPilot   18: 2097152 op, 81033200.00 ns, 38.6396 ns/op
WorkloadPilot   19: 4194304 op, 75109400.00 ns, 17.9075 ns/op
WorkloadPilot   20: 8388608 op, 132154500.00 ns, 15.7540 ns/op
WorkloadPilot   21: 16777216 op, 262274600.00 ns, 15.6328 ns/op
WorkloadPilot   22: 33554432 op, 543682500.00 ns, 16.2030 ns/op

OverheadWarmup   1: 33554432 op, 85990900.00 ns, 2.5627 ns/op
OverheadWarmup   2: 33554432 op, 86010900.00 ns, 2.5633 ns/op
OverheadWarmup   3: 33554432 op, 74212600.00 ns, 2.2117 ns/op
OverheadWarmup   4: 33554432 op, 65977900.00 ns, 1.9663 ns/op
OverheadWarmup   5: 33554432 op, 65932000.00 ns, 1.9649 ns/op
OverheadWarmup   6: 33554432 op, 66030200.00 ns, 1.9679 ns/op
OverheadWarmup   7: 33554432 op, 65756900.00 ns, 1.9597 ns/op

OverheadActual   1: 33554432 op, 65664900.00 ns, 1.9570 ns/op
OverheadActual   2: 33554432 op, 64029100.00 ns, 1.9082 ns/op
OverheadActual   3: 33554432 op, 65490500.00 ns, 1.9518 ns/op
OverheadActual   4: 33554432 op, 67175800.00 ns, 2.0020 ns/op
OverheadActual   5: 33554432 op, 65887600.00 ns, 1.9636 ns/op
OverheadActual   6: 33554432 op, 65726800.00 ns, 1.9588 ns/op
OverheadActual   7: 33554432 op, 65687000.00 ns, 1.9576 ns/op
OverheadActual   8: 33554432 op, 65690600.00 ns, 1.9577 ns/op
OverheadActual   9: 33554432 op, 65738100.00 ns, 1.9591 ns/op
OverheadActual  10: 33554432 op, 65739900.00 ns, 1.9592 ns/op
OverheadActual  11: 33554432 op, 65774400.00 ns, 1.9602 ns/op
OverheadActual  12: 33554432 op, 65704800.00 ns, 1.9582 ns/op
OverheadActual  13: 33554432 op, 65703800.00 ns, 1.9581 ns/op
OverheadActual  14: 33554432 op, 65701600.00 ns, 1.9581 ns/op
OverheadActual  15: 33554432 op, 65706200.00 ns, 1.9582 ns/op

WorkloadWarmup   1: 33554432 op, 517624000.00 ns, 15.4264 ns/op
WorkloadWarmup   2: 33554432 op, 510914600.00 ns, 15.2264 ns/op
WorkloadWarmup   3: 33554432 op, 530311800.00 ns, 15.8045 ns/op
WorkloadWarmup   4: 33554432 op, 548773400.00 ns, 16.3547 ns/op
WorkloadWarmup   5: 33554432 op, 508956700.00 ns, 15.1681 ns/op
WorkloadWarmup   6: 33554432 op, 503375500.00 ns, 15.0018 ns/op
WorkloadWarmup   7: 33554432 op, 494848400.00 ns, 14.7476 ns/op
WorkloadWarmup   8: 33554432 op, 516498100.00 ns, 15.3928 ns/op
WorkloadWarmup   9: 33554432 op, 556890600.00 ns, 16.5966 ns/op
WorkloadWarmup  10: 33554432 op, 517174600.00 ns, 15.4130 ns/op

// BeforeActualRun
WorkloadActual   1: 33554432 op, 520170300.00 ns, 15.5023 ns/op
WorkloadActual   2: 33554432 op, 536431200.00 ns, 15.9869 ns/op
WorkloadActual   3: 33554432 op, 516649300.00 ns, 15.3973 ns/op
WorkloadActual   4: 33554432 op, 510018000.00 ns, 15.1997 ns/op
WorkloadActual   5: 33554432 op, 540119600.00 ns, 16.0968 ns/op
WorkloadActual   6: 33554432 op, 491808800.00 ns, 14.6570 ns/op
WorkloadActual   7: 33554432 op, 499007400.00 ns, 14.8716 ns/op
WorkloadActual   8: 33554432 op, 506896200.00 ns, 15.1067 ns/op
WorkloadActual   9: 33554432 op, 512269700.00 ns, 15.2668 ns/op
WorkloadActual  10: 33554432 op, 515778200.00 ns, 15.3714 ns/op
WorkloadActual  11: 33554432 op, 497593500.00 ns, 14.8294 ns/op
WorkloadActual  12: 33554432 op, 529364000.00 ns, 15.7763 ns/op
WorkloadActual  13: 33554432 op, 512788700.00 ns, 15.2823 ns/op
WorkloadActual  14: 33554432 op, 521706900.00 ns, 15.5481 ns/op
WorkloadActual  15: 33554432 op, 508965200.00 ns, 15.1683 ns/op

// AfterActualRun
WorkloadResult   1: 33554432 op, 454465500.00 ns, 13.5441 ns/op
WorkloadResult   2: 33554432 op, 470726400.00 ns, 14.0287 ns/op
WorkloadResult   3: 33554432 op, 450944500.00 ns, 13.4392 ns/op
WorkloadResult   4: 33554432 op, 444313200.00 ns, 13.2416 ns/op
WorkloadResult   5: 33554432 op, 474414800.00 ns, 14.1387 ns/op
WorkloadResult   6: 33554432 op, 426104000.00 ns, 12.6989 ns/op
WorkloadResult   7: 33554432 op, 433302600.00 ns, 12.9134 ns/op
WorkloadResult   8: 33554432 op, 441191400.00 ns, 13.1485 ns/op
WorkloadResult   9: 33554432 op, 446564900.00 ns, 13.3087 ns/op
WorkloadResult  10: 33554432 op, 450073400.00 ns, 13.4132 ns/op
WorkloadResult  11: 33554432 op, 431888700.00 ns, 12.8713 ns/op
WorkloadResult  12: 33554432 op, 463659200.00 ns, 13.8181 ns/op
WorkloadResult  13: 33554432 op, 447083900.00 ns, 13.3241 ns/op
WorkloadResult  14: 33554432 op, 456002100.00 ns, 13.5899 ns/op
WorkloadResult  15: 33554432 op, 443260400.00 ns, 13.2102 ns/op
// GC:  171 0 0 1073741824 33554432
// Threading:  0 0 33554432

// AfterAll
// Benchmark Process 14652 has exited with code 0.

Mean = 13.044 ns, StdErr = 0.086 ns (0.66%), N = 29, StdDev = 0.461 ns
Min = 12.500 ns, Q1 = 12.695 ns, Median = 12.852 ns, Q3 = 13.324 ns, Max = 14.139 ns
IQR = 0.629 ns, LowerFence = 11.752 ns, UpperFence = 14.268 ns
ConfidenceInterval = [12.729 ns; 13.358 ns] (CI 99.9%), Margin = 0.315 ns (2.41% of Mean)
Skewness = 0.82, Kurtosis = 2.52, MValue = 2.82

// ** Remained 6 (75.0%) benchmark(s) to run. Estimated finish 2026-01-10 18:18 (0h 4m from now) **
Setup power plan (GUID: 8c5e7fda-e8bf-4a96-9a85-a6e23a8c635c FriendlyName: High performance)
// **************************
// Benchmark: ConcatBench.CollectionExpr_Array: MediumRun(IterationCount=15, LaunchCount=2, WarmupCount=10) [Size=10]
// *** Execute ***
// Launch: 1 / 2
// Execute: dotnet ConcatSpanCollectionExpr-MediumRun-1.dll --anonymousPipes 1132 1600 --benchmarkName "ConcatSpanCollectionExpr.ConcatBench.CollectionExpr_Array(Size: 10)" --job MediumRun --benchmarkId 2 in C:\projects\Benchmark.NET\Benchmark.NET\ConcatSpanCollectionExpr\bin\Release\net10.0\ConcatSpanCollectionExpr-MediumRun-1\bin\Release\net10.0
// BeforeAnythingElse

// Benchmark Process Environment Information:
// BenchmarkDotNet v0.15.8
// Runtime=.NET 10.0.1 (10.0.1, 10.0.125.57005), X64 RyuJIT x86-64-v3
// GC=Non-concurrent Workstation
// HardwareIntrinsics=AVX2+BMI1+BMI2+F16C+FMA+LZCNT+MOVBE,AVX,SSE3+SSSE3+SSE4.1+SSE4.2+POPCNT,X86Base+SSE+SSE2,AES+PCLMUL VectorSize=256
// Job: MediumRun(IterationCount=15, LaunchCount=2, WarmupCount=10)

OverheadJitting  1: 1 op, 195200.00 ns, 195.2000 us/op
WorkloadJitting  1: 1 op, 372100.00 ns, 372.1000 us/op

OverheadJitting  2: 16 op, 421200.00 ns, 26.3250 us/op
WorkloadJitting  2: 16 op, 405300.00 ns, 25.3313 us/op

WorkloadPilot    1: 16 op, 3500.00 ns, 218.7500 ns/op
WorkloadPilot    2: 32 op, 3400.00 ns, 106.2500 ns/op
WorkloadPilot    3: 64 op, 4500.00 ns, 70.3125 ns/op
WorkloadPilot    4: 128 op, 18500.00 ns, 144.5313 ns/op
WorkloadPilot    5: 256 op, 25200.00 ns, 98.4375 ns/op
WorkloadPilot    6: 512 op, 36200.00 ns, 70.7031 ns/op
WorkloadPilot    7: 1024 op, 78800.00 ns, 76.9531 ns/op
WorkloadPilot    8: 2048 op, 149700.00 ns, 73.0957 ns/op
WorkloadPilot    9: 4096 op, 280400.00 ns, 68.4570 ns/op
WorkloadPilot   10: 8192 op, 492400.00 ns, 60.1074 ns/op
WorkloadPilot   11: 16384 op, 938400.00 ns, 57.2754 ns/op
WorkloadPilot   12: 32768 op, 2160000.00 ns, 65.9180 ns/op
WorkloadPilot   13: 65536 op, 4033100.00 ns, 61.5402 ns/op
WorkloadPilot   14: 131072 op, 8305400.00 ns, 63.3652 ns/op
WorkloadPilot   15: 262144 op, 14606100.00 ns, 55.7178 ns/op
WorkloadPilot   16: 524288 op, 27310300.00 ns, 52.0903 ns/op
WorkloadPilot   17: 1048576 op, 52820700.00 ns, 50.3737 ns/op
WorkloadPilot   18: 2097152 op, 89204000.00 ns, 42.5358 ns/op
WorkloadPilot   19: 4194304 op, 68179400.00 ns, 16.2552 ns/op
WorkloadPilot   20: 8388608 op, 128826700.00 ns, 15.3573 ns/op
WorkloadPilot   21: 16777216 op, 259084900.00 ns, 15.4427 ns/op
WorkloadPilot   22: 33554432 op, 511892500.00 ns, 15.2556 ns/op

OverheadWarmup   1: 33554432 op, 85336300.00 ns, 2.5432 ns/op
OverheadWarmup   2: 33554432 op, 85291500.00 ns, 2.5419 ns/op
OverheadWarmup   3: 33554432 op, 73621200.00 ns, 2.1941 ns/op
OverheadWarmup   4: 33554432 op, 63820000.00 ns, 1.9020 ns/op
OverheadWarmup   5: 33554432 op, 63673700.00 ns, 1.8976 ns/op
OverheadWarmup   6: 33554432 op, 63666700.00 ns, 1.8974 ns/op
OverheadWarmup   7: 33554432 op, 63670200.00 ns, 1.8975 ns/op
OverheadWarmup   8: 33554432 op, 63672200.00 ns, 1.8976 ns/op
OverheadWarmup   9: 33554432 op, 63688700.00 ns, 1.8981 ns/op
OverheadWarmup  10: 33554432 op, 63676500.00 ns, 1.8977 ns/op

OverheadActual   1: 33554432 op, 63677500.00 ns, 1.8977 ns/op
OverheadActual   2: 33554432 op, 63676900.00 ns, 1.8977 ns/op
OverheadActual   3: 33554432 op, 63647700.00 ns, 1.8968 ns/op
OverheadActual   4: 33554432 op, 63856800.00 ns, 1.9031 ns/op
OverheadActual   5: 33554432 op, 63887200.00 ns, 1.9040 ns/op
OverheadActual   6: 33554432 op, 63845700.00 ns, 1.9028 ns/op
OverheadActual   7: 33554432 op, 63800500.00 ns, 1.9014 ns/op
OverheadActual   8: 33554432 op, 63894900.00 ns, 1.9042 ns/op
OverheadActual   9: 33554432 op, 65047600.00 ns, 1.9386 ns/op
OverheadActual  10: 33554432 op, 64772700.00 ns, 1.9304 ns/op
OverheadActual  11: 33554432 op, 65462900.00 ns, 1.9509 ns/op
OverheadActual  12: 33554432 op, 63679700.00 ns, 1.8978 ns/op
OverheadActual  13: 33554432 op, 63697500.00 ns, 1.8983 ns/op
OverheadActual  14: 33554432 op, 63713500.00 ns, 1.8988 ns/op
OverheadActual  15: 33554432 op, 63658700.00 ns, 1.8972 ns/op

WorkloadWarmup   1: 33554432 op, 540875600.00 ns, 16.1193 ns/op
WorkloadWarmup   2: 33554432 op, 518294600.00 ns, 15.4464 ns/op
WorkloadWarmup   3: 33554432 op, 516620100.00 ns, 15.3965 ns/op
WorkloadWarmup   4: 33554432 op, 499725300.00 ns, 14.8930 ns/op
WorkloadWarmup   5: 33554432 op, 503241400.00 ns, 14.9978 ns/op
WorkloadWarmup   6: 33554432 op, 498419100.00 ns, 14.8540 ns/op
WorkloadWarmup   7: 33554432 op, 511626400.00 ns, 15.2477 ns/op
WorkloadWarmup   8: 33554432 op, 519711800.00 ns, 15.4886 ns/op
WorkloadWarmup   9: 33554432 op, 518458100.00 ns, 15.4513 ns/op
WorkloadWarmup  10: 33554432 op, 528702600.00 ns, 15.7566 ns/op

// BeforeActualRun
WorkloadActual   1: 33554432 op, 553229000.00 ns, 16.4875 ns/op
WorkloadActual   2: 33554432 op, 532413700.00 ns, 15.8672 ns/op
WorkloadActual   3: 33554432 op, 510939900.00 ns, 15.2272 ns/op
WorkloadActual   4: 33554432 op, 502520800.00 ns, 14.9763 ns/op
WorkloadActual   5: 33554432 op, 503506200.00 ns, 15.0057 ns/op
WorkloadActual   6: 33554432 op, 500203700.00 ns, 14.9072 ns/op
WorkloadActual   7: 33554432 op, 504326700.00 ns, 15.0301 ns/op
WorkloadActual   8: 33554432 op, 502399000.00 ns, 14.9727 ns/op
WorkloadActual   9: 33554432 op, 496846300.00 ns, 14.8072 ns/op
WorkloadActual  10: 33554432 op, 497383800.00 ns, 14.8232 ns/op
WorkloadActual  11: 33554432 op, 499823400.00 ns, 14.8959 ns/op
WorkloadActual  12: 33554432 op, 497943800.00 ns, 14.8399 ns/op
WorkloadActual  13: 33554432 op, 505536600.00 ns, 15.0662 ns/op
WorkloadActual  14: 33554432 op, 511710100.00 ns, 15.2501 ns/op
WorkloadActual  15: 33554432 op, 519061000.00 ns, 15.4692 ns/op

// AfterActualRun
WorkloadResult   1: 33554432 op, 447139400.00 ns, 13.3258 ns/op
WorkloadResult   2: 33554432 op, 438720300.00 ns, 13.0749 ns/op
WorkloadResult   3: 33554432 op, 439705700.00 ns, 13.1043 ns/op
WorkloadResult   4: 33554432 op, 436403200.00 ns, 13.0058 ns/op
WorkloadResult   5: 33554432 op, 440526200.00 ns, 13.1287 ns/op
WorkloadResult   6: 33554432 op, 438598500.00 ns, 13.0713 ns/op
WorkloadResult   7: 33554432 op, 433045800.00 ns, 12.9058 ns/op
WorkloadResult   8: 33554432 op, 433583300.00 ns, 12.9218 ns/op
WorkloadResult   9: 33554432 op, 436022900.00 ns, 12.9945 ns/op
WorkloadResult  10: 33554432 op, 434143300.00 ns, 12.9385 ns/op
WorkloadResult  11: 33554432 op, 441736100.00 ns, 13.1648 ns/op
WorkloadResult  12: 33554432 op, 447909600.00 ns, 13.3487 ns/op
WorkloadResult  13: 33554432 op, 455260500.00 ns, 13.5678 ns/op
// GC:  256 0 0 1610612736 33554432
// Threading:  0 0 33554432

// AfterAll
// Benchmark Process 27376 has exited with code 0.
// Launch: 2 / 2
// Execute: dotnet ConcatSpanCollectionExpr-MediumRun-1.dll --anonymousPipes 1560 1128 --benchmarkName "ConcatSpanCollectionExpr.ConcatBench.CollectionExpr_Array(Size: 10)" --job MediumRun --benchmarkId 2 in C:\projects\Benchmark.NET\Benchmark.NET\ConcatSpanCollectionExpr\bin\Release\net10.0\ConcatSpanCollectionExpr-MediumRun-1\bin\Release\net10.0
// BeforeAnythingElse

// Benchmark Process Environment Information:
// BenchmarkDotNet v0.15.8
// Runtime=.NET 10.0.1 (10.0.1, 10.0.125.57005), X64 RyuJIT x86-64-v3
// GC=Non-concurrent Workstation
// HardwareIntrinsics=AVX2+BMI1+BMI2+F16C+FMA+LZCNT+MOVBE,AVX,SSE3+SSSE3+SSE4.1+SSE4.2+POPCNT,X86Base+SSE+SSE2,AES+PCLMUL VectorSize=256
// Job: MediumRun(IterationCount=15, LaunchCount=2, WarmupCount=10)

OverheadJitting  1: 1 op, 187700.00 ns, 187.7000 us/op
WorkloadJitting  1: 1 op, 378700.00 ns, 378.7000 us/op

OverheadJitting  2: 16 op, 434800.00 ns, 27.1750 us/op
WorkloadJitting  2: 16 op, 425600.00 ns, 26.6000 us/op

WorkloadPilot    1: 16 op, 3400.00 ns, 212.5000 ns/op
WorkloadPilot    2: 32 op, 3300.00 ns, 103.1250 ns/op
WorkloadPilot    3: 64 op, 5000.00 ns, 78.1250 ns/op
WorkloadPilot    4: 128 op, 14100.00 ns, 110.1563 ns/op
WorkloadPilot    5: 256 op, 21300.00 ns, 83.2031 ns/op
WorkloadPilot    6: 512 op, 33900.00 ns, 66.2109 ns/op
WorkloadPilot    7: 1024 op, 68200.00 ns, 66.6016 ns/op
WorkloadPilot    8: 2048 op, 132600.00 ns, 64.7461 ns/op
WorkloadPilot    9: 4096 op, 263200.00 ns, 64.2578 ns/op
WorkloadPilot   10: 8192 op, 467300.00 ns, 57.0435 ns/op
WorkloadPilot   11: 16384 op, 944700.00 ns, 57.6599 ns/op
WorkloadPilot   12: 32768 op, 2023600.00 ns, 61.7554 ns/op
WorkloadPilot   13: 65536 op, 3917700.00 ns, 59.7794 ns/op
WorkloadPilot   14: 131072 op, 8112800.00 ns, 61.8958 ns/op
WorkloadPilot   15: 262144 op, 14522500.00 ns, 55.3989 ns/op
WorkloadPilot   16: 524288 op, 27532900.00 ns, 52.5148 ns/op
WorkloadPilot   17: 1048576 op, 53434400.00 ns, 50.9590 ns/op
WorkloadPilot   18: 2097152 op, 79820300.00 ns, 38.0613 ns/op
WorkloadPilot   19: 4194304 op, 64685400.00 ns, 15.4222 ns/op
WorkloadPilot   20: 8388608 op, 135872700.00 ns, 16.1973 ns/op
WorkloadPilot   21: 16777216 op, 275859000.00 ns, 16.4425 ns/op
WorkloadPilot   22: 33554432 op, 556475500.00 ns, 16.5843 ns/op

OverheadWarmup   1: 33554432 op, 85565400.00 ns, 2.5500 ns/op
OverheadWarmup   2: 33554432 op, 85413600.00 ns, 2.5455 ns/op
OverheadWarmup   3: 33554432 op, 75321200.00 ns, 2.2447 ns/op
OverheadWarmup   4: 33554432 op, 63668800.00 ns, 1.8975 ns/op
OverheadWarmup   5: 33554432 op, 63674800.00 ns, 1.8977 ns/op
OverheadWarmup   6: 33554432 op, 63757000.00 ns, 1.9001 ns/op
OverheadWarmup   7: 33554432 op, 63706000.00 ns, 1.8986 ns/op
OverheadWarmup   8: 33554432 op, 63693500.00 ns, 1.8982 ns/op
OverheadWarmup   9: 33554432 op, 63671000.00 ns, 1.8975 ns/op
OverheadWarmup  10: 33554432 op, 63684000.00 ns, 1.8979 ns/op

OverheadActual   1: 33554432 op, 63683600.00 ns, 1.8979 ns/op
OverheadActual   2: 33554432 op, 63644200.00 ns, 1.8967 ns/op
OverheadActual   3: 33554432 op, 63720400.00 ns, 1.8990 ns/op
OverheadActual   4: 33554432 op, 63681800.00 ns, 1.8979 ns/op
OverheadActual   5: 33554432 op, 63677700.00 ns, 1.8977 ns/op
OverheadActual   6: 33554432 op, 63671200.00 ns, 1.8975 ns/op
OverheadActual   7: 33554432 op, 64253100.00 ns, 1.9149 ns/op
OverheadActual   8: 33554432 op, 64127800.00 ns, 1.9112 ns/op
OverheadActual   9: 33554432 op, 63680000.00 ns, 1.8978 ns/op
OverheadActual  10: 33554432 op, 63664300.00 ns, 1.8973 ns/op
OverheadActual  11: 33554432 op, 63678300.00 ns, 1.8978 ns/op
OverheadActual  12: 33554432 op, 63713200.00 ns, 1.8988 ns/op
OverheadActual  13: 33554432 op, 63692300.00 ns, 1.8982 ns/op
OverheadActual  14: 33554432 op, 63681100.00 ns, 1.8978 ns/op
OverheadActual  15: 33554432 op, 63658500.00 ns, 1.8972 ns/op

WorkloadWarmup   1: 33554432 op, 511816000.00 ns, 15.2533 ns/op
WorkloadWarmup   2: 33554432 op, 514019900.00 ns, 15.3190 ns/op
WorkloadWarmup   3: 33554432 op, 523995500.00 ns, 15.6163 ns/op
WorkloadWarmup   4: 33554432 op, 517513100.00 ns, 15.4231 ns/op
WorkloadWarmup   5: 33554432 op, 503811800.00 ns, 15.0148 ns/op
WorkloadWarmup   6: 33554432 op, 543219400.00 ns, 16.1892 ns/op
WorkloadWarmup   7: 33554432 op, 548155800.00 ns, 16.3363 ns/op
WorkloadWarmup   8: 33554432 op, 560383400.00 ns, 16.7007 ns/op
WorkloadWarmup   9: 33554432 op, 540507400.00 ns, 16.1084 ns/op
WorkloadWarmup  10: 33554432 op, 522872000.00 ns, 15.5828 ns/op

// BeforeActualRun
WorkloadActual   1: 33554432 op, 509260900.00 ns, 15.1772 ns/op
WorkloadActual   2: 33554432 op, 512199100.00 ns, 15.2647 ns/op
WorkloadActual   3: 33554432 op, 553186600.00 ns, 16.4862 ns/op
WorkloadActual   4: 33554432 op, 510566600.00 ns, 15.2161 ns/op
WorkloadActual   5: 33554432 op, 506764500.00 ns, 15.1028 ns/op
WorkloadActual   6: 33554432 op, 529942800.00 ns, 15.7935 ns/op
WorkloadActual   7: 33554432 op, 518506300.00 ns, 15.4527 ns/op
WorkloadActual   8: 33554432 op, 500775900.00 ns, 14.9243 ns/op
WorkloadActual   9: 33554432 op, 498835000.00 ns, 14.8664 ns/op
WorkloadActual  10: 33554432 op, 514353300.00 ns, 15.3289 ns/op
WorkloadActual  11: 33554432 op, 512638400.00 ns, 15.2778 ns/op
WorkloadActual  12: 33554432 op, 504038000.00 ns, 15.0215 ns/op
WorkloadActual  13: 33554432 op, 518437000.00 ns, 15.4506 ns/op
WorkloadActual  14: 33554432 op, 567033600.00 ns, 16.8989 ns/op
WorkloadActual  15: 33554432 op, 523844500.00 ns, 15.6118 ns/op

// AfterActualRun
WorkloadResult   1: 33554432 op, 445579800.00 ns, 13.2793 ns/op
WorkloadResult   2: 33554432 op, 448518000.00 ns, 13.3669 ns/op
WorkloadResult   3: 33554432 op, 446885500.00 ns, 13.3182 ns/op
WorkloadResult   4: 33554432 op, 443083400.00 ns, 13.2049 ns/op
WorkloadResult   5: 33554432 op, 466261700.00 ns, 13.8957 ns/op
WorkloadResult   6: 33554432 op, 454825200.00 ns, 13.5548 ns/op
WorkloadResult   7: 33554432 op, 437094800.00 ns, 13.0264 ns/op
WorkloadResult   8: 33554432 op, 435153900.00 ns, 12.9686 ns/op
WorkloadResult   9: 33554432 op, 450672200.00 ns, 13.4311 ns/op
WorkloadResult  10: 33554432 op, 448957300.00 ns, 13.3800 ns/op
WorkloadResult  11: 33554432 op, 440356900.00 ns, 13.1237 ns/op
WorkloadResult  12: 33554432 op, 454755900.00 ns, 13.5528 ns/op
WorkloadResult  13: 33554432 op, 460163400.00 ns, 13.7139 ns/op
// GC:  256 0 0 1610612736 33554432
// Threading:  0 0 33554432

// AfterAll
// Benchmark Process 20248 has exited with code 0.

Mean = 13.245 ns, StdErr = 0.051 ns (0.39%), N = 26, StdDev = 0.261 ns
Min = 12.906 ns, Q1 = 13.038 ns, Median = 13.185 ns, Q3 = 13.377 ns, Max = 13.896 ns
IQR = 0.339 ns, LowerFence = 12.529 ns, UpperFence = 13.885 ns
ConfidenceInterval = [13.054 ns; 13.436 ns] (CI 99.9%), Margin = 0.191 ns (1.44% of Mean)
Skewness = 0.66, Kurtosis = 2.57, MValue = 2

// ** Remained 5 (62.5%) benchmark(s) to run. Estimated finish 2026-01-10 18:17 (0h 3m from now) **
Setup power plan (GUID: 8c5e7fda-e8bf-4a96-9a85-a6e23a8c635c FriendlyName: High performance)
// **************************
// Benchmark: ConcatBench.CustomConcat_Array: MediumRun(IterationCount=15, LaunchCount=2, WarmupCount=10) [Size=10]
// *** Execute ***
// Launch: 1 / 2
// Execute: dotnet ConcatSpanCollectionExpr-MediumRun-1.dll --anonymousPipes 1144 1120 --benchmarkName "ConcatSpanCollectionExpr.ConcatBench.CustomConcat_Array(Size: 10)" --job MediumRun --benchmarkId 3 in C:\projects\Benchmark.NET\Benchmark.NET\ConcatSpanCollectionExpr\bin\Release\net10.0\ConcatSpanCollectionExpr-MediumRun-1\bin\Release\net10.0
// BeforeAnythingElse

// Benchmark Process Environment Information:
// BenchmarkDotNet v0.15.8
// Runtime=.NET 10.0.1 (10.0.1, 10.0.125.57005), X64 RyuJIT x86-64-v3
// GC=Non-concurrent Workstation
// HardwareIntrinsics=AVX2+BMI1+BMI2+F16C+FMA+LZCNT+MOVBE,AVX,SSE3+SSSE3+SSE4.1+SSE4.2+POPCNT,X86Base+SSE+SSE2,AES+PCLMUL VectorSize=256
// Job: MediumRun(IterationCount=15, LaunchCount=2, WarmupCount=10)

OverheadJitting  1: 1 op, 190200.00 ns, 190.2000 us/op
WorkloadJitting  1: 1 op, 421300.00 ns, 421.3000 us/op

OverheadJitting  2: 16 op, 416100.00 ns, 26.0063 us/op
WorkloadJitting  2: 16 op, 408500.00 ns, 25.5313 us/op

WorkloadPilot    1: 16 op, 6200.00 ns, 387.5000 ns/op
WorkloadPilot    2: 32 op, 3000.00 ns, 93.7500 ns/op
WorkloadPilot    3: 64 op, 4100.00 ns, 64.0625 ns/op
WorkloadPilot    4: 128 op, 14100.00 ns, 110.1563 ns/op
WorkloadPilot    5: 256 op, 21400.00 ns, 83.5938 ns/op
WorkloadPilot    6: 512 op, 29100.00 ns, 56.8359 ns/op
WorkloadPilot    7: 1024 op, 61000.00 ns, 59.5703 ns/op
WorkloadPilot    8: 2048 op, 113300.00 ns, 55.3223 ns/op
WorkloadPilot    9: 4096 op, 237800.00 ns, 58.0566 ns/op
WorkloadPilot   10: 8192 op, 384900.00 ns, 46.9849 ns/op
WorkloadPilot   11: 16384 op, 779100.00 ns, 47.5525 ns/op
WorkloadPilot   12: 32768 op, 1675700.00 ns, 51.1383 ns/op
WorkloadPilot   13: 65536 op, 3328000.00 ns, 50.7813 ns/op
WorkloadPilot   14: 131072 op, 6575000.00 ns, 50.1633 ns/op
WorkloadPilot   15: 262144 op, 12045900.00 ns, 45.9515 ns/op
WorkloadPilot   16: 524288 op, 22137500.00 ns, 42.2239 ns/op
WorkloadPilot   17: 1048576 op, 42775400.00 ns, 40.7938 ns/op
WorkloadPilot   18: 2097152 op, 86085800.00 ns, 41.0489 ns/op
WorkloadPilot   19: 4194304 op, 73726700.00 ns, 17.5778 ns/op
WorkloadPilot   20: 8388608 op, 129471000.00 ns, 15.4341 ns/op
WorkloadPilot   21: 16777216 op, 267228100.00 ns, 15.9280 ns/op
WorkloadPilot   22: 33554432 op, 537255500.00 ns, 16.0115 ns/op

OverheadWarmup   1: 33554432 op, 85992400.00 ns, 2.5628 ns/op
OverheadWarmup   2: 33554432 op, 85774800.00 ns, 2.5563 ns/op
OverheadWarmup   3: 33554432 op, 76731900.00 ns, 2.2868 ns/op
OverheadWarmup   4: 33554432 op, 65613500.00 ns, 1.9554 ns/op
OverheadWarmup   5: 33554432 op, 65712700.00 ns, 1.9584 ns/op
OverheadWarmup   6: 33554432 op, 65703300.00 ns, 1.9581 ns/op
OverheadWarmup   7: 33554432 op, 65730100.00 ns, 1.9589 ns/op
OverheadWarmup   8: 33554432 op, 65710000.00 ns, 1.9583 ns/op

OverheadActual   1: 33554432 op, 65766700.00 ns, 1.9600 ns/op
OverheadActual   2: 33554432 op, 65690000.00 ns, 1.9577 ns/op
OverheadActual   3: 33554432 op, 65617300.00 ns, 1.9555 ns/op
OverheadActual   4: 33554432 op, 65861600.00 ns, 1.9628 ns/op
OverheadActual   5: 33554432 op, 66162500.00 ns, 1.9718 ns/op
OverheadActual   6: 33554432 op, 66126700.00 ns, 1.9707 ns/op
OverheadActual   7: 33554432 op, 66177000.00 ns, 1.9722 ns/op
OverheadActual   8: 33554432 op, 65681700.00 ns, 1.9575 ns/op
OverheadActual   9: 33554432 op, 66093000.00 ns, 1.9697 ns/op
OverheadActual  10: 33554432 op, 65674100.00 ns, 1.9572 ns/op
OverheadActual  11: 33554432 op, 65754400.00 ns, 1.9596 ns/op
OverheadActual  12: 33554432 op, 65770700.00 ns, 1.9601 ns/op
OverheadActual  13: 33554432 op, 65719200.00 ns, 1.9586 ns/op
OverheadActual  14: 33554432 op, 66047500.00 ns, 1.9684 ns/op
OverheadActual  15: 33554432 op, 66231800.00 ns, 1.9739 ns/op

WorkloadWarmup   1: 33554432 op, 521344900.00 ns, 15.5373 ns/op
WorkloadWarmup   2: 33554432 op, 542834900.00 ns, 16.1777 ns/op
WorkloadWarmup   3: 33554432 op, 526438500.00 ns, 15.6891 ns/op
WorkloadWarmup   4: 33554432 op, 549282000.00 ns, 16.3699 ns/op
WorkloadWarmup   5: 33554432 op, 547585600.00 ns, 16.3193 ns/op
WorkloadWarmup   6: 33554432 op, 527258000.00 ns, 15.7135 ns/op
WorkloadWarmup   7: 33554432 op, 535923800.00 ns, 15.9718 ns/op
WorkloadWarmup   8: 33554432 op, 515023100.00 ns, 15.3489 ns/op
WorkloadWarmup   9: 33554432 op, 529764900.00 ns, 15.7882 ns/op
WorkloadWarmup  10: 33554432 op, 530671100.00 ns, 15.8152 ns/op

// BeforeActualRun
WorkloadActual   1: 33554432 op, 550821500.00 ns, 16.4158 ns/op
WorkloadActual   2: 33554432 op, 529524200.00 ns, 15.7811 ns/op
WorkloadActual   3: 33554432 op, 520205200.00 ns, 15.5033 ns/op
WorkloadActual   4: 33554432 op, 537583400.00 ns, 16.0212 ns/op
WorkloadActual   5: 33554432 op, 542333100.00 ns, 16.1628 ns/op
WorkloadActual   6: 33554432 op, 514308500.00 ns, 15.3276 ns/op
WorkloadActual   7: 33554432 op, 512290700.00 ns, 15.2675 ns/op
WorkloadActual   8: 33554432 op, 511110200.00 ns, 15.2323 ns/op
WorkloadActual   9: 33554432 op, 517146600.00 ns, 15.4122 ns/op
WorkloadActual  10: 33554432 op, 524063800.00 ns, 15.6183 ns/op
WorkloadActual  11: 33554432 op, 508777000.00 ns, 15.1627 ns/op
WorkloadActual  12: 33554432 op, 509319800.00 ns, 15.1789 ns/op
WorkloadActual  13: 33554432 op, 505628600.00 ns, 15.0689 ns/op
WorkloadActual  14: 33554432 op, 505950300.00 ns, 15.0785 ns/op
WorkloadActual  15: 33554432 op, 509786100.00 ns, 15.1928 ns/op

// AfterActualRun
WorkloadResult   1: 33554432 op, 485050800.00 ns, 14.4556 ns/op
WorkloadResult   2: 33554432 op, 463753500.00 ns, 13.8209 ns/op
WorkloadResult   3: 33554432 op, 454434500.00 ns, 13.5432 ns/op
WorkloadResult   4: 33554432 op, 471812700.00 ns, 14.0611 ns/op
WorkloadResult   5: 33554432 op, 476562400.00 ns, 14.2027 ns/op
WorkloadResult   6: 33554432 op, 448537800.00 ns, 13.3675 ns/op
WorkloadResult   7: 33554432 op, 446520000.00 ns, 13.3073 ns/op
WorkloadResult   8: 33554432 op, 445339500.00 ns, 13.2722 ns/op
WorkloadResult   9: 33554432 op, 451375900.00 ns, 13.4521 ns/op
WorkloadResult  10: 33554432 op, 458293100.00 ns, 13.6582 ns/op
WorkloadResult  11: 33554432 op, 443006300.00 ns, 13.2026 ns/op
WorkloadResult  12: 33554432 op, 443549100.00 ns, 13.2188 ns/op
WorkloadResult  13: 33554432 op, 439857900.00 ns, 13.1088 ns/op
WorkloadResult  14: 33554432 op, 440179600.00 ns, 13.1184 ns/op
WorkloadResult  15: 33554432 op, 444015400.00 ns, 13.2327 ns/op
// GC:  256 0 0 1610612736 33554432
// Threading:  0 0 33554432

// AfterAll
// Benchmark Process 26780 has exited with code 0.
// Launch: 2 / 2
// Execute: dotnet ConcatSpanCollectionExpr-MediumRun-1.dll --anonymousPipes 1612 1740 --benchmarkName "ConcatSpanCollectionExpr.ConcatBench.CustomConcat_Array(Size: 10)" --job MediumRun --benchmarkId 3 in C:\projects\Benchmark.NET\Benchmark.NET\ConcatSpanCollectionExpr\bin\Release\net10.0\ConcatSpanCollectionExpr-MediumRun-1\bin\Release\net10.0
// BeforeAnythingElse

// Benchmark Process Environment Information:
// BenchmarkDotNet v0.15.8
// Runtime=.NET 10.0.1 (10.0.1, 10.0.125.57005), X64 RyuJIT x86-64-v3
// GC=Non-concurrent Workstation
// HardwareIntrinsics=AVX2+BMI1+BMI2+F16C+FMA+LZCNT+MOVBE,AVX,SSE3+SSSE3+SSE4.1+SSE4.2+POPCNT,X86Base+SSE+SSE2,AES+PCLMUL VectorSize=256
// Job: MediumRun(IterationCount=15, LaunchCount=2, WarmupCount=10)

OverheadJitting  1: 1 op, 194000.00 ns, 194.0000 us/op
WorkloadJitting  1: 1 op, 428800.00 ns, 428.8000 us/op

OverheadJitting  2: 16 op, 421100.00 ns, 26.3188 us/op
WorkloadJitting  2: 16 op, 431900.00 ns, 26.9938 us/op

WorkloadPilot    1: 16 op, 3100.00 ns, 193.7500 ns/op
WorkloadPilot    2: 32 op, 6500.00 ns, 203.1250 ns/op
WorkloadPilot    3: 64 op, 4000.00 ns, 62.5000 ns/op
WorkloadPilot    4: 128 op, 13300.00 ns, 103.9063 ns/op
WorkloadPilot    5: 256 op, 19900.00 ns, 77.7344 ns/op
WorkloadPilot    6: 512 op, 30500.00 ns, 59.5703 ns/op
WorkloadPilot    7: 1024 op, 57600.00 ns, 56.2500 ns/op
WorkloadPilot    8: 2048 op, 112500.00 ns, 54.9316 ns/op
WorkloadPilot    9: 4096 op, 243900.00 ns, 59.5459 ns/op
WorkloadPilot   10: 8192 op, 380500.00 ns, 46.4478 ns/op
WorkloadPilot   11: 16384 op, 761300.00 ns, 46.4661 ns/op
WorkloadPilot   12: 32768 op, 1657000.00 ns, 50.5676 ns/op
WorkloadPilot   13: 65536 op, 3241900.00 ns, 49.4675 ns/op
WorkloadPilot   14: 131072 op, 6507800.00 ns, 49.6506 ns/op
WorkloadPilot   15: 262144 op, 12436300.00 ns, 47.4407 ns/op
WorkloadPilot   16: 524288 op, 21761800.00 ns, 41.5073 ns/op
WorkloadPilot   17: 1048576 op, 41626200.00 ns, 39.6978 ns/op
WorkloadPilot   18: 2097152 op, 84728100.00 ns, 40.4015 ns/op
WorkloadPilot   19: 4194304 op, 71935200.00 ns, 17.1507 ns/op
WorkloadPilot   20: 8388608 op, 133891500.00 ns, 15.9611 ns/op
WorkloadPilot   21: 16777216 op, 274086800.00 ns, 16.3368 ns/op
WorkloadPilot   22: 33554432 op, 555120900.00 ns, 16.5439 ns/op

OverheadWarmup   1: 33554432 op, 85813400.00 ns, 2.5574 ns/op
OverheadWarmup   2: 33554432 op, 85833600.00 ns, 2.5580 ns/op
OverheadWarmup   3: 33554432 op, 77839700.00 ns, 2.3198 ns/op
OverheadWarmup   4: 33554432 op, 65970700.00 ns, 1.9661 ns/op
OverheadWarmup   5: 33554432 op, 65971000.00 ns, 1.9661 ns/op
OverheadWarmup   6: 33554432 op, 65968000.00 ns, 1.9660 ns/op

OverheadActual   1: 33554432 op, 65962200.00 ns, 1.9658 ns/op
OverheadActual   2: 33554432 op, 66034900.00 ns, 1.9680 ns/op
OverheadActual   3: 33554432 op, 65735800.00 ns, 1.9591 ns/op
OverheadActual   4: 33554432 op, 65702900.00 ns, 1.9581 ns/op
OverheadActual   5: 33554432 op, 66168400.00 ns, 1.9720 ns/op
OverheadActual   6: 33554432 op, 65841700.00 ns, 1.9622 ns/op
OverheadActual   7: 33554432 op, 66174800.00 ns, 1.9722 ns/op
OverheadActual   8: 33554432 op, 65700800.00 ns, 1.9580 ns/op
OverheadActual   9: 33554432 op, 66085500.00 ns, 1.9695 ns/op
OverheadActual  10: 33554432 op, 66041700.00 ns, 1.9682 ns/op
OverheadActual  11: 33554432 op, 65698100.00 ns, 1.9580 ns/op
OverheadActual  12: 33554432 op, 65714700.00 ns, 1.9585 ns/op
OverheadActual  13: 33554432 op, 65639800.00 ns, 1.9562 ns/op
OverheadActual  14: 33554432 op, 65690200.00 ns, 1.9577 ns/op
OverheadActual  15: 33554432 op, 66260400.00 ns, 1.9747 ns/op

WorkloadWarmup   1: 33554432 op, 539405800.00 ns, 16.0755 ns/op
WorkloadWarmup   2: 33554432 op, 531711400.00 ns, 15.8462 ns/op
WorkloadWarmup   3: 33554432 op, 530662800.00 ns, 15.8150 ns/op
WorkloadWarmup   4: 33554432 op, 525432100.00 ns, 15.6591 ns/op
WorkloadWarmup   5: 33554432 op, 531399200.00 ns, 15.8369 ns/op
WorkloadWarmup   6: 33554432 op, 533626700.00 ns, 15.9033 ns/op
WorkloadWarmup   7: 33554432 op, 529381200.00 ns, 15.7768 ns/op
WorkloadWarmup   8: 33554432 op, 549934800.00 ns, 16.3893 ns/op
WorkloadWarmup   9: 33554432 op, 543055700.00 ns, 16.1843 ns/op
WorkloadWarmup  10: 33554432 op, 522205000.00 ns, 15.5629 ns/op

// BeforeActualRun
WorkloadActual   1: 33554432 op, 521483600.00 ns, 15.5414 ns/op
WorkloadActual   2: 33554432 op, 527480200.00 ns, 15.7201 ns/op
WorkloadActual   3: 33554432 op, 536481400.00 ns, 15.9884 ns/op
WorkloadActual   4: 33554432 op, 540756000.00 ns, 16.1158 ns/op
WorkloadActual   5: 33554432 op, 529012600.00 ns, 15.7658 ns/op
WorkloadActual   6: 33554432 op, 552377200.00 ns, 16.4621 ns/op
WorkloadActual   7: 33554432 op, 557907200.00 ns, 16.6269 ns/op
WorkloadActual   8: 33554432 op, 550987500.00 ns, 16.4207 ns/op
WorkloadActual   9: 33554432 op, 550472600.00 ns, 16.4054 ns/op
WorkloadActual  10: 33554432 op, 540596500.00 ns, 16.1110 ns/op
WorkloadActual  11: 33554432 op, 526193300.00 ns, 15.6818 ns/op
WorkloadActual  12: 33554432 op, 535483000.00 ns, 15.9586 ns/op
WorkloadActual  13: 33554432 op, 520734700.00 ns, 15.5191 ns/op
WorkloadActual  14: 33554432 op, 531793800.00 ns, 15.8487 ns/op
WorkloadActual  15: 33554432 op, 549716300.00 ns, 16.3828 ns/op

// AfterActualRun
WorkloadResult   1: 33554432 op, 455641900.00 ns, 13.5792 ns/op
WorkloadResult   2: 33554432 op, 461638500.00 ns, 13.7579 ns/op
WorkloadResult   3: 33554432 op, 470639700.00 ns, 14.0262 ns/op
WorkloadResult   4: 33554432 op, 474914300.00 ns, 14.1535 ns/op
WorkloadResult   5: 33554432 op, 463170900.00 ns, 13.8036 ns/op
WorkloadResult   6: 33554432 op, 486535500.00 ns, 14.4999 ns/op
WorkloadResult   7: 33554432 op, 492065500.00 ns, 14.6647 ns/op
WorkloadResult   8: 33554432 op, 485145800.00 ns, 14.4585 ns/op
WorkloadResult   9: 33554432 op, 484630900.00 ns, 14.4431 ns/op
WorkloadResult  10: 33554432 op, 474754800.00 ns, 14.1488 ns/op
WorkloadResult  11: 33554432 op, 460351600.00 ns, 13.7195 ns/op
WorkloadResult  12: 33554432 op, 469641300.00 ns, 13.9964 ns/op
WorkloadResult  13: 33554432 op, 454893000.00 ns, 13.5569 ns/op
WorkloadResult  14: 33554432 op, 465952100.00 ns, 13.8865 ns/op
WorkloadResult  15: 33554432 op, 483874600.00 ns, 14.4206 ns/op
// GC:  256 0 0 1610612736 33554432
// Threading:  0 0 33554432

// AfterAll
// Benchmark Process 31848 has exited with code 0.

Mean = 13.805 ns, StdErr = 0.086 ns (0.62%), N = 30, StdDev = 0.472 ns
Min = 13.109 ns, Q1 = 13.389 ns, Median = 13.781 ns, Q3 = 14.152 ns, Max = 14.665 ns
IQR = 0.764 ns, LowerFence = 12.243 ns, UpperFence = 15.298 ns
ConfidenceInterval = [13.489 ns; 14.120 ns] (CI 99.9%), Margin = 0.315 ns (2.29% of Mean)
Skewness = 0.15, Kurtosis = 1.7, MValue = 2

// ** Remained 4 (50.0%) benchmark(s) to run. Estimated finish 2026-01-10 18:17 (0h 2m from now) **
Setup power plan (GUID: 8c5e7fda-e8bf-4a96-9a85-a6e23a8c635c FriendlyName: High performance)
// **************************
// Benchmark: ConcatBench.CollectionExpr_Array: MediumRun(IterationCount=15, LaunchCount=2, WarmupCount=10) [Size=100]
// *** Execute ***
// Launch: 1 / 2
// Execute: dotnet ConcatSpanCollectionExpr-MediumRun-1.dll --anonymousPipes 1752 1720 --benchmarkName "ConcatSpanCollectionExpr.ConcatBench.CollectionExpr_Array(Size: 100)" --job MediumRun --benchmarkId 4 in C:\projects\Benchmark.NET\Benchmark.NET\ConcatSpanCollectionExpr\bin\Release\net10.0\ConcatSpanCollectionExpr-MediumRun-1\bin\Release\net10.0
// BeforeAnythingElse

// Benchmark Process Environment Information:
// BenchmarkDotNet v0.15.8
// Runtime=.NET 10.0.1 (10.0.1, 10.0.125.57005), X64 RyuJIT x86-64-v3
// GC=Non-concurrent Workstation
// HardwareIntrinsics=AVX2+BMI1+BMI2+F16C+FMA+LZCNT+MOVBE,AVX,SSE3+SSSE3+SSE4.1+SSE4.2+POPCNT,X86Base+SSE+SSE2,AES+PCLMUL VectorSize=256
// Job: MediumRun(IterationCount=15, LaunchCount=2, WarmupCount=10)

OverheadJitting  1: 1 op, 200300.00 ns, 200.3000 us/op
WorkloadJitting  1: 1 op, 393700.00 ns, 393.7000 us/op

OverheadJitting  2: 16 op, 438100.00 ns, 27.3813 us/op
WorkloadJitting  2: 16 op, 467600.00 ns, 29.2250 us/op

WorkloadPilot    1: 16 op, 3400.00 ns, 212.5000 ns/op
WorkloadPilot    2: 32 op, 3800.00 ns, 118.7500 ns/op
WorkloadPilot    3: 64 op, 19300.00 ns, 301.5625 ns/op
WorkloadPilot    4: 128 op, 28600.00 ns, 223.4375 ns/op
WorkloadPilot    5: 256 op, 46600.00 ns, 182.0313 ns/op
WorkloadPilot    6: 512 op, 78400.00 ns, 153.1250 ns/op
WorkloadPilot    7: 1024 op, 173400.00 ns, 169.3359 ns/op
WorkloadPilot    8: 2048 op, 254800.00 ns, 124.4141 ns/op
WorkloadPilot    9: 4096 op, 584700.00 ns, 142.7490 ns/op
WorkloadPilot   10: 8192 op, 1258300.00 ns, 153.6011 ns/op
WorkloadPilot   11: 16384 op, 1888100.00 ns, 115.2405 ns/op
WorkloadPilot   12: 32768 op, 4373100.00 ns, 133.4564 ns/op
WorkloadPilot   13: 65536 op, 5400600.00 ns, 82.4066 ns/op
WorkloadPilot   14: 131072 op, 10987200.00 ns, 83.8257 ns/op
WorkloadPilot   15: 262144 op, 19256400.00 ns, 73.4573 ns/op
WorkloadPilot   16: 524288 op, 37238100.00 ns, 71.0260 ns/op
WorkloadPilot   17: 1048576 op, 72580900.00 ns, 69.2185 ns/op
WorkloadPilot   18: 2097152 op, 72515700.00 ns, 34.5782 ns/op
WorkloadPilot   19: 4194304 op, 113669000.00 ns, 27.1008 ns/op
WorkloadPilot   20: 8388608 op, 222599200.00 ns, 26.5359 ns/op
WorkloadPilot   21: 16777216 op, 444695400.00 ns, 26.5059 ns/op
WorkloadPilot   22: 33554432 op, 901847400.00 ns, 26.8771 ns/op

OverheadWarmup   1: 33554432 op, 85342400.00 ns, 2.5434 ns/op
OverheadWarmup   2: 33554432 op, 85471700.00 ns, 2.5473 ns/op
OverheadWarmup   3: 33554432 op, 75751100.00 ns, 2.2576 ns/op
OverheadWarmup   4: 33554432 op, 63667800.00 ns, 1.8974 ns/op
OverheadWarmup   5: 33554432 op, 63675200.00 ns, 1.8977 ns/op
OverheadWarmup   6: 33554432 op, 63678900.00 ns, 1.8978 ns/op
OverheadWarmup   7: 33554432 op, 63669500.00 ns, 1.8975 ns/op

OverheadActual   1: 33554432 op, 63643300.00 ns, 1.8967 ns/op
OverheadActual   2: 33554432 op, 63709100.00 ns, 1.8987 ns/op
OverheadActual   3: 33554432 op, 63720000.00 ns, 1.8990 ns/op
OverheadActual   4: 33554432 op, 63664700.00 ns, 1.8974 ns/op
OverheadActual   5: 33554432 op, 63871800.00 ns, 1.9035 ns/op
OverheadActual   6: 33554432 op, 63865600.00 ns, 1.9033 ns/op
OverheadActual   7: 33554432 op, 63889200.00 ns, 1.9040 ns/op
OverheadActual   8: 33554432 op, 63895600.00 ns, 1.9042 ns/op
OverheadActual   9: 33554432 op, 63677200.00 ns, 1.8977 ns/op
OverheadActual  10: 33554432 op, 63677900.00 ns, 1.8977 ns/op
OverheadActual  11: 33554432 op, 63647600.00 ns, 1.8968 ns/op
OverheadActual  12: 33554432 op, 63668500.00 ns, 1.8975 ns/op
OverheadActual  13: 33554432 op, 63656500.00 ns, 1.8971 ns/op
OverheadActual  14: 33554432 op, 63650700.00 ns, 1.8969 ns/op
OverheadActual  15: 33554432 op, 63666000.00 ns, 1.8974 ns/op

WorkloadWarmup   1: 33554432 op, 881310800.00 ns, 26.2651 ns/op
WorkloadWarmup   2: 33554432 op, 900972000.00 ns, 26.8511 ns/op
WorkloadWarmup   3: 33554432 op, 889872400.00 ns, 26.5203 ns/op
WorkloadWarmup   4: 33554432 op, 893964100.00 ns, 26.6422 ns/op
WorkloadWarmup   5: 33554432 op, 892359700.00 ns, 26.5944 ns/op
WorkloadWarmup   6: 33554432 op, 883815100.00 ns, 26.3397 ns/op
WorkloadWarmup   7: 33554432 op, 899871200.00 ns, 26.8183 ns/op
WorkloadWarmup   8: 33554432 op, 994606100.00 ns, 29.6416 ns/op
WorkloadWarmup   9: 33554432 op, 935872900.00 ns, 27.8912 ns/op
WorkloadWarmup  10: 33554432 op, 931001600.00 ns, 27.7460 ns/op

// BeforeActualRun
WorkloadActual   1: 33554432 op, 888819000.00 ns, 26.4889 ns/op
WorkloadActual   2: 33554432 op, 888093500.00 ns, 26.4672 ns/op
WorkloadActual   3: 33554432 op, 940353900.00 ns, 28.0247 ns/op
WorkloadActual   4: 33554432 op, 944659600.00 ns, 28.1530 ns/op
WorkloadActual   5: 33554432 op, 951057400.00 ns, 28.3437 ns/op
WorkloadActual   6: 33554432 op, 985838600.00 ns, 29.3803 ns/op
WorkloadActual   7: 33554432 op, 963486200.00 ns, 28.7141 ns/op
WorkloadActual   8: 33554432 op, 884451600.00 ns, 26.3587 ns/op
WorkloadActual   9: 33554432 op, 952153100.00 ns, 28.3764 ns/op
WorkloadActual  10: 33554432 op, 960820000.00 ns, 28.6347 ns/op
WorkloadActual  11: 33554432 op, 972255200.00 ns, 28.9755 ns/op
WorkloadActual  12: 33554432 op, 913571400.00 ns, 27.2265 ns/op
WorkloadActual  13: 33554432 op, 984693400.00 ns, 29.3462 ns/op
WorkloadActual  14: 33554432 op, 893029700.00 ns, 26.6144 ns/op
WorkloadActual  15: 33554432 op, 927575200.00 ns, 27.6439 ns/op

// AfterActualRun
WorkloadResult   1: 33554432 op, 825141800.00 ns, 24.5911 ns/op
WorkloadResult   2: 33554432 op, 824416300.00 ns, 24.5695 ns/op
WorkloadResult   3: 33554432 op, 876676700.00 ns, 26.1270 ns/op
WorkloadResult   4: 33554432 op, 880982400.00 ns, 26.2553 ns/op
WorkloadResult   5: 33554432 op, 887380200.00 ns, 26.4460 ns/op
WorkloadResult   6: 33554432 op, 922161400.00 ns, 27.4826 ns/op
WorkloadResult   7: 33554432 op, 899809000.00 ns, 26.8164 ns/op
WorkloadResult   8: 33554432 op, 820774400.00 ns, 24.4610 ns/op
WorkloadResult   9: 33554432 op, 888475900.00 ns, 26.4786 ns/op
WorkloadResult  10: 33554432 op, 897142800.00 ns, 26.7369 ns/op
WorkloadResult  11: 33554432 op, 908578000.00 ns, 27.0777 ns/op
WorkloadResult  12: 33554432 op, 849894200.00 ns, 25.3288 ns/op
WorkloadResult  13: 33554432 op, 921016200.00 ns, 27.4484 ns/op
WorkloadResult  14: 33554432 op, 829352500.00 ns, 24.7166 ns/op
WorkloadResult  15: 33554432 op, 863898000.00 ns, 25.7462 ns/op
// GC:  1198 0 0 7516192768 33554432
// Threading:  0 0 33554432

// AfterAll
// Benchmark Process 23692 has exited with code 0.
// Launch: 2 / 2
// Execute: dotnet ConcatSpanCollectionExpr-MediumRun-1.dll --anonymousPipes 1764 1756 --benchmarkName "ConcatSpanCollectionExpr.ConcatBench.CollectionExpr_Array(Size: 100)" --job MediumRun --benchmarkId 4 in C:\projects\Benchmark.NET\Benchmark.NET\ConcatSpanCollectionExpr\bin\Release\net10.0\ConcatSpanCollectionExpr-MediumRun-1\bin\Release\net10.0
// BeforeAnythingElse

// Benchmark Process Environment Information:
// BenchmarkDotNet v0.15.8
// Runtime=.NET 10.0.1 (10.0.1, 10.0.125.57005), X64 RyuJIT x86-64-v3
// GC=Non-concurrent Workstation
// HardwareIntrinsics=AVX2+BMI1+BMI2+F16C+FMA+LZCNT+MOVBE,AVX,SSE3+SSSE3+SSE4.1+SSE4.2+POPCNT,X86Base+SSE+SSE2,AES+PCLMUL VectorSize=256
// Job: MediumRun(IterationCount=15, LaunchCount=2, WarmupCount=10)

OverheadJitting  1: 1 op, 184800.00 ns, 184.8000 us/op
WorkloadJitting  1: 1 op, 392700.00 ns, 392.7000 us/op

OverheadJitting  2: 16 op, 451000.00 ns, 28.1875 us/op
WorkloadJitting  2: 16 op, 414500.00 ns, 25.9063 us/op

WorkloadPilot    1: 16 op, 3600.00 ns, 225.0000 ns/op
WorkloadPilot    2: 32 op, 3800.00 ns, 118.7500 ns/op
WorkloadPilot    3: 64 op, 21800.00 ns, 340.6250 ns/op
WorkloadPilot    4: 128 op, 35300.00 ns, 275.7813 ns/op
WorkloadPilot    5: 256 op, 41500.00 ns, 162.1094 ns/op
WorkloadPilot    6: 512 op, 74200.00 ns, 144.9219 ns/op
WorkloadPilot    7: 1024 op, 155200.00 ns, 151.5625 ns/op
WorkloadPilot    8: 2048 op, 227400.00 ns, 111.0352 ns/op
WorkloadPilot    9: 4096 op, 515000.00 ns, 125.7324 ns/op
WorkloadPilot   10: 8192 op, 1094700.00 ns, 133.6304 ns/op
WorkloadPilot   11: 16384 op, 1840800.00 ns, 112.3535 ns/op
WorkloadPilot   12: 32768 op, 4310800.00 ns, 131.5552 ns/op
WorkloadPilot   13: 65536 op, 5252400.00 ns, 80.1453 ns/op
WorkloadPilot   14: 131072 op, 10049600.00 ns, 76.6724 ns/op
WorkloadPilot   15: 262144 op, 19835300.00 ns, 75.6657 ns/op
WorkloadPilot   16: 524288 op, 36715500.00 ns, 70.0293 ns/op
WorkloadPilot   17: 1048576 op, 72154200.00 ns, 68.8116 ns/op
WorkloadPilot   18: 2097152 op, 80977400.00 ns, 38.6130 ns/op
WorkloadPilot   19: 4194304 op, 124151300.00 ns, 29.6000 ns/op
WorkloadPilot   20: 8388608 op, 229274800.00 ns, 27.3317 ns/op
WorkloadPilot   21: 16777216 op, 461670900.00 ns, 27.5177 ns/op
WorkloadPilot   22: 33554432 op, 954183100.00 ns, 28.4369 ns/op

OverheadWarmup   1: 33554432 op, 85852200.00 ns, 2.5586 ns/op
OverheadWarmup   2: 33554432 op, 85374500.00 ns, 2.5444 ns/op
OverheadWarmup   3: 33554432 op, 75077700.00 ns, 2.2375 ns/op
OverheadWarmup   4: 33554432 op, 63680100.00 ns, 1.8978 ns/op
OverheadWarmup   5: 33554432 op, 63997700.00 ns, 1.9073 ns/op
OverheadWarmup   6: 33554432 op, 64043700.00 ns, 1.9087 ns/op
OverheadWarmup   7: 33554432 op, 64027100.00 ns, 1.9082 ns/op
OverheadWarmup   8: 33554432 op, 64002200.00 ns, 1.9074 ns/op
OverheadWarmup   9: 33554432 op, 64058600.00 ns, 1.9091 ns/op
OverheadWarmup  10: 33554432 op, 64085300.00 ns, 1.9099 ns/op

OverheadActual   1: 33554432 op, 64151700.00 ns, 1.9119 ns/op
OverheadActual   2: 33554432 op, 64177600.00 ns, 1.9126 ns/op
OverheadActual   3: 33554432 op, 63669900.00 ns, 1.8975 ns/op
OverheadActual   4: 33554432 op, 63649700.00 ns, 1.8969 ns/op
OverheadActual   5: 33554432 op, 63645700.00 ns, 1.8968 ns/op
OverheadActual   6: 33554432 op, 63719300.00 ns, 1.8990 ns/op
OverheadActual   7: 33554432 op, 63644900.00 ns, 1.8968 ns/op
OverheadActual   8: 33554432 op, 63680400.00 ns, 1.8978 ns/op
OverheadActual   9: 33554432 op, 63680600.00 ns, 1.8978 ns/op
OverheadActual  10: 33554432 op, 63670700.00 ns, 1.8975 ns/op
OverheadActual  11: 33554432 op, 63669700.00 ns, 1.8975 ns/op
OverheadActual  12: 33554432 op, 63680900.00 ns, 1.8978 ns/op
OverheadActual  13: 33554432 op, 63656300.00 ns, 1.8971 ns/op
OverheadActual  14: 33554432 op, 63663800.00 ns, 1.8973 ns/op
OverheadActual  15: 33554432 op, 63673300.00 ns, 1.8976 ns/op

WorkloadWarmup   1: 33554432 op, 914001200.00 ns, 27.2394 ns/op
WorkloadWarmup   2: 33554432 op, 889307900.00 ns, 26.5034 ns/op
WorkloadWarmup   3: 33554432 op, 911242500.00 ns, 27.1571 ns/op
WorkloadWarmup   4: 33554432 op, 930604800.00 ns, 27.7342 ns/op
WorkloadWarmup   5: 33554432 op, 888924400.00 ns, 26.4920 ns/op
WorkloadWarmup   6: 33554432 op, 894683700.00 ns, 26.6637 ns/op
WorkloadWarmup   7: 33554432 op, 894530400.00 ns, 26.6591 ns/op
WorkloadWarmup   8: 33554432 op, 894625700.00 ns, 26.6619 ns/op
WorkloadWarmup   9: 33554432 op, 888223500.00 ns, 26.4711 ns/op
WorkloadWarmup  10: 33554432 op, 948471000.00 ns, 28.2666 ns/op

// BeforeActualRun
WorkloadActual   1: 33554432 op, 927281600.00 ns, 27.6351 ns/op
WorkloadActual   2: 33554432 op, 913140800.00 ns, 27.2137 ns/op
WorkloadActual   3: 33554432 op, 928559800.00 ns, 27.6732 ns/op
WorkloadActual   4: 33554432 op, 897473400.00 ns, 26.7468 ns/op
WorkloadActual   5: 33554432 op, 897326300.00 ns, 26.7424 ns/op
WorkloadActual   6: 33554432 op, 882404400.00 ns, 26.2977 ns/op
WorkloadActual   7: 33554432 op, 886267100.00 ns, 26.4128 ns/op
WorkloadActual   8: 33554432 op, 950406400.00 ns, 28.3243 ns/op
WorkloadActual   9: 33554432 op, 932967400.00 ns, 27.8046 ns/op
WorkloadActual  10: 33554432 op, 919449100.00 ns, 27.4017 ns/op
WorkloadActual  11: 33554432 op, 926658400.00 ns, 27.6166 ns/op
WorkloadActual  12: 33554432 op, 920340100.00 ns, 27.4283 ns/op
WorkloadActual  13: 33554432 op, 971831600.00 ns, 28.9628 ns/op
WorkloadActual  14: 33554432 op, 976925000.00 ns, 29.1146 ns/op
WorkloadActual  15: 33554432 op, 930542400.00 ns, 27.7323 ns/op

// AfterActualRun
WorkloadResult   1: 33554432 op, 863610900.00 ns, 25.7376 ns/op
WorkloadResult   2: 33554432 op, 849470100.00 ns, 25.3162 ns/op
WorkloadResult   3: 33554432 op, 864889100.00 ns, 25.7757 ns/op
WorkloadResult   4: 33554432 op, 833802700.00 ns, 24.8493 ns/op
WorkloadResult   5: 33554432 op, 833655600.00 ns, 24.8449 ns/op
WorkloadResult   6: 33554432 op, 818733700.00 ns, 24.4002 ns/op
WorkloadResult   7: 33554432 op, 822596400.00 ns, 24.5153 ns/op
WorkloadResult   8: 33554432 op, 886735700.00 ns, 26.4268 ns/op
WorkloadResult   9: 33554432 op, 869296700.00 ns, 25.9071 ns/op
WorkloadResult  10: 33554432 op, 855778400.00 ns, 25.5042 ns/op
WorkloadResult  11: 33554432 op, 862987700.00 ns, 25.7190 ns/op
WorkloadResult  12: 33554432 op, 856669400.00 ns, 25.5307 ns/op
WorkloadResult  13: 33554432 op, 866871700.00 ns, 25.8348 ns/op
// GC:  1198 0 0 7516192768 33554432
// Threading:  0 0 33554432

// AfterAll
// Benchmark Process 32912 has exited with code 0.

Mean = 25.737 ns, StdErr = 0.173 ns (0.67%), N = 28, StdDev = 0.914 ns
Min = 24.400 ns, Q1 = 24.848 ns, Median = 25.742 ns, Q3 = 26.432 ns, Max = 27.483 ns
IQR = 1.583 ns, LowerFence = 22.473 ns, UpperFence = 28.807 ns
ConfidenceInterval = [25.100 ns; 26.375 ns] (CI 99.9%), Margin = 0.638 ns (2.48% of Mean)
Skewness = 0.2, Kurtosis = 1.96, MValue = 2.73

// ** Remained 3 (37.5%) benchmark(s) to run. Estimated finish 2026-01-10 18:17 (0h 2m from now) **
Setup power plan (GUID: 8c5e7fda-e8bf-4a96-9a85-a6e23a8c635c FriendlyName: High performance)
// **************************
// Benchmark: ConcatBench.CustomConcat_Array: MediumRun(IterationCount=15, LaunchCount=2, WarmupCount=10) [Size=100]
// *** Execute ***
// Launch: 1 / 2
// Execute: dotnet ConcatSpanCollectionExpr-MediumRun-1.dll --anonymousPipes 300 1736 --benchmarkName "ConcatSpanCollectionExpr.ConcatBench.CustomConcat_Array(Size: 100)" --job MediumRun --benchmarkId 5 in C:\projects\Benchmark.NET\Benchmark.NET\ConcatSpanCollectionExpr\bin\Release\net10.0\ConcatSpanCollectionExpr-MediumRun-1\bin\Release\net10.0
// BeforeAnythingElse

// Benchmark Process Environment Information:
// BenchmarkDotNet v0.15.8
// Runtime=.NET 10.0.1 (10.0.1, 10.0.125.57005), X64 RyuJIT x86-64-v3
// GC=Non-concurrent Workstation
// HardwareIntrinsics=AVX2+BMI1+BMI2+F16C+FMA+LZCNT+MOVBE,AVX,SSE3+SSSE3+SSE4.1+SSE4.2+POPCNT,X86Base+SSE+SSE2,AES+PCLMUL VectorSize=256
// Job: MediumRun(IterationCount=15, LaunchCount=2, WarmupCount=10)

OverheadJitting  1: 1 op, 203900.00 ns, 203.9000 us/op
WorkloadJitting  1: 1 op, 448900.00 ns, 448.9000 us/op

OverheadJitting  2: 16 op, 430200.00 ns, 26.8875 us/op
WorkloadJitting  2: 16 op, 441200.00 ns, 27.5750 us/op

WorkloadPilot    1: 16 op, 7600.00 ns, 475.0000 ns/op
WorkloadPilot    2: 32 op, 3200.00 ns, 100.0000 ns/op
WorkloadPilot    3: 64 op, 23300.00 ns, 364.0625 ns/op
WorkloadPilot    4: 128 op, 24900.00 ns, 194.5313 ns/op
WorkloadPilot    5: 256 op, 43400.00 ns, 169.5313 ns/op
WorkloadPilot    6: 512 op, 70100.00 ns, 136.9141 ns/op
WorkloadPilot    7: 1024 op, 141700.00 ns, 138.3789 ns/op
WorkloadPilot    8: 2048 op, 219500.00 ns, 107.1777 ns/op
WorkloadPilot    9: 4096 op, 467200.00 ns, 114.0625 ns/op
WorkloadPilot   10: 8192 op, 913500.00 ns, 111.5112 ns/op
WorkloadPilot   11: 16384 op, 1552900.00 ns, 94.7815 ns/op
WorkloadPilot   12: 32768 op, 3751400.00 ns, 114.4836 ns/op
WorkloadPilot   13: 65536 op, 4777300.00 ns, 72.8958 ns/op
WorkloadPilot   14: 131072 op, 8252000.00 ns, 62.9578 ns/op
WorkloadPilot   15: 262144 op, 16725900.00 ns, 63.8042 ns/op
WorkloadPilot   16: 524288 op, 32958000.00 ns, 62.8624 ns/op
WorkloadPilot   17: 1048576 op, 63257800.00 ns, 60.3273 ns/op
WorkloadPilot   18: 2097152 op, 85063600.00 ns, 40.5615 ns/op
WorkloadPilot   19: 4194304 op, 115351400.00 ns, 27.5019 ns/op
WorkloadPilot   20: 8388608 op, 240387300.00 ns, 28.6564 ns/op
WorkloadPilot   21: 16777216 op, 448248900.00 ns, 26.7177 ns/op
WorkloadPilot   22: 33554432 op, 899983900.00 ns, 26.8216 ns/op

OverheadWarmup   1: 33554432 op, 86386500.00 ns, 2.5745 ns/op
OverheadWarmup   2: 33554432 op, 86262600.00 ns, 2.5708 ns/op
OverheadWarmup   3: 33554432 op, 76316700.00 ns, 2.2744 ns/op
OverheadWarmup   4: 33554432 op, 65689700.00 ns, 1.9577 ns/op
OverheadWarmup   5: 33554432 op, 65693200.00 ns, 1.9578 ns/op
OverheadWarmup   6: 33554432 op, 65690700.00 ns, 1.9577 ns/op
OverheadWarmup   7: 33554432 op, 65693300.00 ns, 1.9578 ns/op
OverheadWarmup   8: 33554432 op, 65686500.00 ns, 1.9576 ns/op

OverheadActual   1: 33554432 op, 65909000.00 ns, 1.9642 ns/op
OverheadActual   2: 33554432 op, 66218700.00 ns, 1.9735 ns/op
OverheadActual   3: 33554432 op, 66177200.00 ns, 1.9722 ns/op
OverheadActual   4: 33554432 op, 65693200.00 ns, 1.9578 ns/op
OverheadActual   5: 33554432 op, 66018000.00 ns, 1.9675 ns/op
OverheadActual   6: 33554432 op, 65970000.00 ns, 1.9661 ns/op
OverheadActual   7: 33554432 op, 66015200.00 ns, 1.9674 ns/op
OverheadActual   8: 33554432 op, 66037200.00 ns, 1.9681 ns/op
OverheadActual   9: 33554432 op, 66020700.00 ns, 1.9676 ns/op
OverheadActual  10: 33554432 op, 66041600.00 ns, 1.9682 ns/op
OverheadActual  11: 33554432 op, 66032600.00 ns, 1.9679 ns/op
OverheadActual  12: 33554432 op, 66027200.00 ns, 1.9678 ns/op
OverheadActual  13: 33554432 op, 66059800.00 ns, 1.9687 ns/op
OverheadActual  14: 33554432 op, 66288900.00 ns, 1.9756 ns/op
OverheadActual  15: 33554432 op, 66213300.00 ns, 1.9733 ns/op

WorkloadWarmup   1: 33554432 op, 981974600.00 ns, 29.2651 ns/op
WorkloadWarmup   2: 33554432 op, 975043300.00 ns, 29.0586 ns/op
WorkloadWarmup   3: 33554432 op, 928007200.00 ns, 27.6568 ns/op
WorkloadWarmup   4: 33554432 op, 930834900.00 ns, 27.7410 ns/op
WorkloadWarmup   5: 33554432 op, 947852600.00 ns, 28.2482 ns/op
WorkloadWarmup   6: 33554432 op, 881024600.00 ns, 26.2566 ns/op
WorkloadWarmup   7: 33554432 op, 891162500.00 ns, 26.5587 ns/op
WorkloadWarmup   8: 33554432 op, 975002000.00 ns, 29.0573 ns/op
WorkloadWarmup   9: 33554432 op, 927261000.00 ns, 27.6345 ns/op
WorkloadWarmup  10: 33554432 op, 947332500.00 ns, 28.2327 ns/op

// BeforeActualRun
WorkloadActual   1: 33554432 op, 996470700.00 ns, 29.6971 ns/op
WorkloadActual   2: 33554432 op, 928548300.00 ns, 27.6729 ns/op
WorkloadActual   3: 33554432 op, 913877500.00 ns, 27.2357 ns/op
WorkloadActual   4: 33554432 op, 920538500.00 ns, 27.4342 ns/op
WorkloadActual   5: 33554432 op, 923259400.00 ns, 27.5153 ns/op
WorkloadActual   6: 33554432 op, 912582500.00 ns, 27.1971 ns/op
WorkloadActual   7: 33554432 op, 950966700.00 ns, 28.3410 ns/op
WorkloadActual   8: 33554432 op, 981562500.00 ns, 29.2528 ns/op
WorkloadActual   9: 33554432 op, 1115216400.00 ns, 33.2360 ns/op
WorkloadActual  10: 33554432 op, 1068761000.00 ns, 31.8516 ns/op
WorkloadActual  11: 33554432 op, 999160200.00 ns, 29.7773 ns/op
WorkloadActual  12: 33554432 op, 948725200.00 ns, 28.2742 ns/op
WorkloadActual  13: 33554432 op, 969544600.00 ns, 28.8947 ns/op
WorkloadActual  14: 33554432 op, 995200400.00 ns, 29.6593 ns/op
WorkloadActual  15: 33554432 op, 984372900.00 ns, 29.3366 ns/op

// AfterActualRun
WorkloadResult   1: 33554432 op, 930438100.00 ns, 27.7292 ns/op
WorkloadResult   2: 33554432 op, 862515700.00 ns, 25.7050 ns/op
WorkloadResult   3: 33554432 op, 847844900.00 ns, 25.2677 ns/op
WorkloadResult   4: 33554432 op, 854505900.00 ns, 25.4663 ns/op
WorkloadResult   5: 33554432 op, 857226800.00 ns, 25.5473 ns/op
WorkloadResult   6: 33554432 op, 846549900.00 ns, 25.2292 ns/op
WorkloadResult   7: 33554432 op, 884934100.00 ns, 26.3731 ns/op
WorkloadResult   8: 33554432 op, 915529900.00 ns, 27.2849 ns/op
WorkloadResult   9: 33554432 op, 1002728400.00 ns, 29.8836 ns/op
WorkloadResult  10: 33554432 op, 933127600.00 ns, 27.8094 ns/op
WorkloadResult  11: 33554432 op, 882692600.00 ns, 26.3063 ns/op
WorkloadResult  12: 33554432 op, 903512000.00 ns, 26.9268 ns/op
WorkloadResult  13: 33554432 op, 929167800.00 ns, 27.6914 ns/op
WorkloadResult  14: 33554432 op, 918340300.00 ns, 27.3687 ns/op
// GC:  1198 0 0 7516192768 33554432
// Threading:  0 0 33554432

// AfterAll
// Benchmark Process 25312 has exited with code 0.
// Launch: 2 / 2
// Execute: dotnet ConcatSpanCollectionExpr-MediumRun-1.dll --anonymousPipes 1340 1356 --benchmarkName "ConcatSpanCollectionExpr.ConcatBench.CustomConcat_Array(Size: 100)" --job MediumRun --benchmarkId 5 in C:\projects\Benchmark.NET\Benchmark.NET\ConcatSpanCollectionExpr\bin\Release\net10.0\ConcatSpanCollectionExpr-MediumRun-1\bin\Release\net10.0
// BeforeAnythingElse

// Benchmark Process Environment Information:
// BenchmarkDotNet v0.15.8
// Runtime=.NET 10.0.1 (10.0.1, 10.0.125.57005), X64 RyuJIT x86-64-v3
// GC=Non-concurrent Workstation
// HardwareIntrinsics=AVX2+BMI1+BMI2+F16C+FMA+LZCNT+MOVBE,AVX,SSE3+SSSE3+SSE4.1+SSE4.2+POPCNT,X86Base+SSE+SSE2,AES+PCLMUL VectorSize=256
// Job: MediumRun(IterationCount=15, LaunchCount=2, WarmupCount=10)

OverheadJitting  1: 1 op, 191900.00 ns, 191.9000 us/op
WorkloadJitting  1: 1 op, 480900.00 ns, 480.9000 us/op

OverheadJitting  2: 16 op, 443300.00 ns, 27.7063 us/op
WorkloadJitting  2: 16 op, 438600.00 ns, 27.4125 us/op

WorkloadPilot    1: 16 op, 2800.00 ns, 175.0000 ns/op
WorkloadPilot    2: 32 op, 3700.00 ns, 115.6250 ns/op
WorkloadPilot    3: 64 op, 15700.00 ns, 245.3125 ns/op
WorkloadPilot    4: 128 op, 22300.00 ns, 174.2188 ns/op
WorkloadPilot    5: 256 op, 34500.00 ns, 134.7656 ns/op
WorkloadPilot    6: 512 op, 60600.00 ns, 118.3594 ns/op
WorkloadPilot    7: 1024 op, 124200.00 ns, 121.2891 ns/op
WorkloadPilot    8: 2048 op, 199300.00 ns, 97.3145 ns/op
WorkloadPilot    9: 4096 op, 440100.00 ns, 107.4463 ns/op
WorkloadPilot   10: 8192 op, 889000.00 ns, 108.5205 ns/op
WorkloadPilot   11: 16384 op, 1566400.00 ns, 95.6055 ns/op
WorkloadPilot   12: 32768 op, 3434800.00 ns, 104.8218 ns/op
WorkloadPilot   13: 65536 op, 4212300.00 ns, 64.2746 ns/op
WorkloadPilot   14: 131072 op, 8926500.00 ns, 68.1038 ns/op
WorkloadPilot   15: 262144 op, 15908400.00 ns, 60.6857 ns/op
WorkloadPilot   16: 524288 op, 30720300.00 ns, 58.5943 ns/op
WorkloadPilot   17: 1048576 op, 60070300.00 ns, 57.2875 ns/op
WorkloadPilot   18: 2097152 op, 93882000.00 ns, 44.7664 ns/op
WorkloadPilot   19: 4194304 op, 129350500.00 ns, 30.8396 ns/op
WorkloadPilot   20: 8388608 op, 263409800.00 ns, 31.4009 ns/op
WorkloadPilot   21: 16777216 op, 533657500.00 ns, 31.8085 ns/op

OverheadWarmup   1: 16777216 op, 42814900.00 ns, 2.5520 ns/op
OverheadWarmup   2: 16777216 op, 42852300.00 ns, 2.5542 ns/op
OverheadWarmup   3: 16777216 op, 42812200.00 ns, 2.5518 ns/op
OverheadWarmup   4: 16777216 op, 43468700.00 ns, 2.5909 ns/op
OverheadWarmup   5: 16777216 op, 44014500.00 ns, 2.6235 ns/op
OverheadWarmup   6: 16777216 op, 42918800.00 ns, 2.5582 ns/op

OverheadActual   1: 16777216 op, 42929300.00 ns, 2.5588 ns/op
OverheadActual   2: 16777216 op, 42897400.00 ns, 2.5569 ns/op
OverheadActual   3: 16777216 op, 42941900.00 ns, 2.5595 ns/op
OverheadActual   4: 16777216 op, 43060200.00 ns, 2.5666 ns/op
OverheadActual   5: 16777216 op, 42811300.00 ns, 2.5518 ns/op
OverheadActual   6: 16777216 op, 42825900.00 ns, 2.5526 ns/op
OverheadActual   7: 16777216 op, 42781700.00 ns, 2.5500 ns/op
OverheadActual   8: 16777216 op, 42844400.00 ns, 2.5537 ns/op
OverheadActual   9: 16777216 op, 41311200.00 ns, 2.4623 ns/op
OverheadActual  10: 16777216 op, 33061400.00 ns, 1.9706 ns/op
OverheadActual  11: 16777216 op, 33027200.00 ns, 1.9686 ns/op
OverheadActual  12: 16777216 op, 33016500.00 ns, 1.9679 ns/op
OverheadActual  13: 16777216 op, 33036100.00 ns, 1.9691 ns/op
OverheadActual  14: 16777216 op, 33023600.00 ns, 1.9684 ns/op
OverheadActual  15: 16777216 op, 32884900.00 ns, 1.9601 ns/op
OverheadActual  16: 16777216 op, 32867400.00 ns, 1.9590 ns/op
OverheadActual  17: 16777216 op, 32850400.00 ns, 1.9580 ns/op
OverheadActual  18: 16777216 op, 32869100.00 ns, 1.9592 ns/op
OverheadActual  19: 16777216 op, 32858500.00 ns, 1.9585 ns/op
OverheadActual  20: 16777216 op, 32864700.00 ns, 1.9589 ns/op

WorkloadWarmup   1: 16777216 op, 496292900.00 ns, 29.5814 ns/op
WorkloadWarmup   2: 16777216 op, 487078300.00 ns, 29.0321 ns/op
WorkloadWarmup   3: 16777216 op, 494090400.00 ns, 29.4501 ns/op
WorkloadWarmup   4: 16777216 op, 493496500.00 ns, 29.4147 ns/op
WorkloadWarmup   5: 16777216 op, 492186900.00 ns, 29.3366 ns/op
WorkloadWarmup   6: 16777216 op, 466787600.00 ns, 27.8227 ns/op
WorkloadWarmup   7: 16777216 op, 488818900.00 ns, 29.1359 ns/op
WorkloadWarmup   8: 16777216 op, 475851800.00 ns, 28.3630 ns/op
WorkloadWarmup   9: 16777216 op, 463519600.00 ns, 27.6279 ns/op
WorkloadWarmup  10: 16777216 op, 499834200.00 ns, 29.7924 ns/op

// BeforeActualRun
WorkloadActual   1: 16777216 op, 474949300.00 ns, 28.3092 ns/op
WorkloadActual   2: 16777216 op, 566069900.00 ns, 33.7404 ns/op
WorkloadActual   3: 16777216 op, 558365800.00 ns, 33.2812 ns/op
WorkloadActual   4: 16777216 op, 488520000.00 ns, 29.1181 ns/op
WorkloadActual   5: 16777216 op, 476633500.00 ns, 28.4096 ns/op
WorkloadActual   6: 16777216 op, 460215400.00 ns, 27.4310 ns/op
WorkloadActual   7: 16777216 op, 493779200.00 ns, 29.4315 ns/op
WorkloadActual   8: 16777216 op, 482805500.00 ns, 28.7775 ns/op
WorkloadActual   9: 16777216 op, 468569700.00 ns, 27.9289 ns/op
WorkloadActual  10: 16777216 op, 470432900.00 ns, 28.0400 ns/op
WorkloadActual  11: 16777216 op, 466376700.00 ns, 27.7982 ns/op
WorkloadActual  12: 16777216 op, 467317100.00 ns, 27.8543 ns/op
WorkloadActual  13: 16777216 op, 468666300.00 ns, 27.9347 ns/op
WorkloadActual  14: 16777216 op, 475887300.00 ns, 28.3651 ns/op
WorkloadActual  15: 16777216 op, 473939700.00 ns, 28.2490 ns/op

// AfterActualRun
WorkloadResult   1: 16777216 op, 441900550.00 ns, 26.3393 ns/op
WorkloadResult   2: 16777216 op, 455471250.00 ns, 27.1482 ns/op
WorkloadResult   3: 16777216 op, 443584750.00 ns, 26.4397 ns/op
WorkloadResult   4: 16777216 op, 427166650.00 ns, 25.4611 ns/op
WorkloadResult   5: 16777216 op, 460730450.00 ns, 27.4617 ns/op
WorkloadResult   6: 16777216 op, 449756750.00 ns, 26.8076 ns/op
WorkloadResult   7: 16777216 op, 435520950.00 ns, 25.9591 ns/op
WorkloadResult   8: 16777216 op, 437384150.00 ns, 26.0701 ns/op
WorkloadResult   9: 16777216 op, 433327950.00 ns, 25.8284 ns/op
WorkloadResult  10: 16777216 op, 434268350.00 ns, 25.8844 ns/op
WorkloadResult  11: 16777216 op, 435617550.00 ns, 25.9648 ns/op
WorkloadResult  12: 16777216 op, 442838550.00 ns, 26.3952 ns/op
WorkloadResult  13: 16777216 op, 440890950.00 ns, 26.2791 ns/op
// GC:  599 0 0 3758096384 16777216
// Threading:  0 0 16777216

// AfterAll
// Benchmark Process 28852 has exited with code 0.

Mean = 26.542 ns, StdErr = 0.198 ns (0.75%), N = 27, StdDev = 1.030 ns
Min = 25.229 ns, Q1 = 25.856 ns, Median = 26.339 ns, Q3 = 27.217 ns, Max = 29.884 ns
IQR = 1.360 ns, LowerFence = 23.816 ns, UpperFence = 29.257 ns
ConfidenceInterval = [25.807 ns; 27.277 ns] (CI 99.9%), Margin = 0.735 ns (2.77% of Mean)
Skewness = 1.19, Kurtosis = 4.71, MValue = 2.91

// ** Remained 2 (25.0%) benchmark(s) to run. Estimated finish 2026-01-10 18:18 (0h 1m from now) **
Setup power plan (GUID: 8c5e7fda-e8bf-4a96-9a85-a6e23a8c635c FriendlyName: High performance)
// **************************
// Benchmark: ConcatBench.CollectionExpr_Array: MediumRun(IterationCount=15, LaunchCount=2, WarmupCount=10) [Size=1024]
// *** Execute ***
// Launch: 1 / 2
// Execute: dotnet ConcatSpanCollectionExpr-MediumRun-1.dll --anonymousPipes 1284 1300 --benchmarkName "ConcatSpanCollectionExpr.ConcatBench.CollectionExpr_Array(Size: 1024)" --job MediumRun --benchmarkId 6 in C:\projects\Benchmark.NET\Benchmark.NET\ConcatSpanCollectionExpr\bin\Release\net10.0\ConcatSpanCollectionExpr-MediumRun-1\bin\Release\net10.0
// BeforeAnythingElse

// Benchmark Process Environment Information:
// BenchmarkDotNet v0.15.8
// Runtime=.NET 10.0.1 (10.0.1, 10.0.125.57005), X64 RyuJIT x86-64-v3
// GC=Non-concurrent Workstation
// HardwareIntrinsics=AVX2+BMI1+BMI2+F16C+FMA+LZCNT+MOVBE,AVX,SSE3+SSSE3+SSE4.1+SSE4.2+POPCNT,X86Base+SSE+SSE2,AES+PCLMUL VectorSize=256
// Job: MediumRun(IterationCount=15, LaunchCount=2, WarmupCount=10)

OverheadJitting  1: 1 op, 242600.00 ns, 242.6000 us/op
WorkloadJitting  1: 1 op, 434500.00 ns, 434.5000 us/op

OverheadJitting  2: 16 op, 485100.00 ns, 30.3188 us/op
WorkloadJitting  2: 16 op, 516200.00 ns, 32.2625 us/op

WorkloadPilot    1: 16 op, 19000.00 ns, 1.1875 us/op
WorkloadPilot    2: 32 op, 33400.00 ns, 1.0438 us/op
WorkloadPilot    3: 64 op, 78100.00 ns, 1.2203 us/op
WorkloadPilot    4: 128 op, 119700.00 ns, 935.1563 ns/op
WorkloadPilot    5: 256 op, 160100.00 ns, 625.3906 ns/op
WorkloadPilot    6: 512 op, 407900.00 ns, 796.6797 ns/op
WorkloadPilot    7: 1024 op, 714800.00 ns, 698.0469 ns/op
WorkloadPilot    8: 2048 op, 1417500.00 ns, 692.1387 ns/op
WorkloadPilot    9: 4096 op, 2727100.00 ns, 665.7959 ns/op
WorkloadPilot   10: 8192 op, 2857600.00 ns, 348.8281 ns/op
WorkloadPilot   11: 16384 op, 5051200.00 ns, 308.3008 ns/op
WorkloadPilot   12: 32768 op, 9405600.00 ns, 287.0361 ns/op
WorkloadPilot   13: 65536 op, 17262600.00 ns, 263.4064 ns/op
WorkloadPilot   14: 131072 op, 30509800.00 ns, 232.7713 ns/op
WorkloadPilot   15: 262144 op, 54412300.00 ns, 207.5665 ns/op
WorkloadPilot   16: 524288 op, 87318600.00 ns, 166.5470 ns/op
WorkloadPilot   17: 1048576 op, 196300600.00 ns, 187.2068 ns/op
WorkloadPilot   18: 2097152 op, 330921000.00 ns, 157.7954 ns/op
WorkloadPilot   19: 4194304 op, 593954500.00 ns, 141.6098 ns/op

OverheadWarmup   1: 4194304 op, 13181400.00 ns, 3.1427 ns/op
OverheadWarmup   2: 4194304 op, 13200100.00 ns, 3.1471 ns/op
OverheadWarmup   3: 4194304 op, 13140700.00 ns, 3.1330 ns/op
OverheadWarmup   4: 4194304 op, 13168400.00 ns, 3.1396 ns/op
OverheadWarmup   5: 4194304 op, 13141100.00 ns, 3.1331 ns/op

OverheadActual   1: 4194304 op, 13051600.00 ns, 3.1117 ns/op
OverheadActual   2: 4194304 op, 13053800.00 ns, 3.1123 ns/op
OverheadActual   3: 4194304 op, 13046700.00 ns, 3.1106 ns/op
OverheadActual   4: 4194304 op, 13045000.00 ns, 3.1102 ns/op
OverheadActual   5: 4194304 op, 13192600.00 ns, 3.1454 ns/op
OverheadActual   6: 4194304 op, 13047800.00 ns, 3.1108 ns/op
OverheadActual   7: 4194304 op, 13054400.00 ns, 3.1124 ns/op
OverheadActual   8: 4194304 op, 13313900.00 ns, 3.1743 ns/op
OverheadActual   9: 4194304 op, 13169800.00 ns, 3.1399 ns/op
OverheadActual  10: 4194304 op, 13146000.00 ns, 3.1343 ns/op
OverheadActual  11: 4194304 op, 13275500.00 ns, 3.1651 ns/op
OverheadActual  12: 4194304 op, 13261300.00 ns, 3.1617 ns/op
OverheadActual  13: 4194304 op, 13227300.00 ns, 3.1536 ns/op
OverheadActual  14: 4194304 op, 13064500.00 ns, 3.1148 ns/op
OverheadActual  15: 4194304 op, 13041200.00 ns, 3.1093 ns/op

WorkloadWarmup   1: 4194304 op, 622107700.00 ns, 148.3220 ns/op
WorkloadWarmup   2: 4194304 op, 581368300.00 ns, 138.6090 ns/op
WorkloadWarmup   3: 4194304 op, 596709400.00 ns, 142.2666 ns/op
WorkloadWarmup   4: 4194304 op, 601902200.00 ns, 143.5047 ns/op
WorkloadWarmup   5: 4194304 op, 599016800.00 ns, 142.8167 ns/op
WorkloadWarmup   6: 4194304 op, 601872600.00 ns, 143.4976 ns/op
WorkloadWarmup   7: 4194304 op, 590099000.00 ns, 140.6906 ns/op
WorkloadWarmup   8: 4194304 op, 578832300.00 ns, 138.0044 ns/op
WorkloadWarmup   9: 4194304 op, 572164600.00 ns, 136.4147 ns/op
WorkloadWarmup  10: 4194304 op, 679422100.00 ns, 161.9869 ns/op

// BeforeActualRun
WorkloadActual   1: 4194304 op, 675640300.00 ns, 161.0852 ns/op
WorkloadActual   2: 4194304 op, 643768800.00 ns, 153.4864 ns/op
WorkloadActual   3: 4194304 op, 620238100.00 ns, 147.8763 ns/op
WorkloadActual   4: 4194304 op, 705259000.00 ns, 168.1468 ns/op
WorkloadActual   5: 4194304 op, 596899800.00 ns, 142.3120 ns/op
WorkloadActual   6: 4194304 op, 614611100.00 ns, 146.5347 ns/op
WorkloadActual   7: 4194304 op, 601131800.00 ns, 143.3210 ns/op
WorkloadActual   8: 4194304 op, 586961200.00 ns, 139.9425 ns/op
WorkloadActual   9: 4194304 op, 595943400.00 ns, 142.0840 ns/op
WorkloadActual  10: 4194304 op, 587887600.00 ns, 140.1633 ns/op
WorkloadActual  11: 4194304 op, 603493300.00 ns, 143.8840 ns/op
WorkloadActual  12: 4194304 op, 616163800.00 ns, 146.9049 ns/op
WorkloadActual  13: 4194304 op, 583287700.00 ns, 139.0666 ns/op
WorkloadActual  14: 4194304 op, 585622700.00 ns, 139.6233 ns/op
WorkloadActual  15: 4194304 op, 569527300.00 ns, 135.7859 ns/op

// AfterActualRun
WorkloadResult   1: 4194304 op, 630704300.00 ns, 150.3716 ns/op
WorkloadResult   2: 4194304 op, 607173600.00 ns, 144.7615 ns/op
WorkloadResult   3: 4194304 op, 583835300.00 ns, 139.1972 ns/op
WorkloadResult   4: 4194304 op, 601546600.00 ns, 143.4199 ns/op
WorkloadResult   5: 4194304 op, 588067300.00 ns, 140.2062 ns/op
WorkloadResult   6: 4194304 op, 573896700.00 ns, 136.8276 ns/op
WorkloadResult   7: 4194304 op, 582878900.00 ns, 138.9692 ns/op
WorkloadResult   8: 4194304 op, 574823100.00 ns, 137.0485 ns/op
WorkloadResult   9: 4194304 op, 590428800.00 ns, 140.7692 ns/op
WorkloadResult  10: 4194304 op, 603099300.00 ns, 143.7901 ns/op
WorkloadResult  11: 4194304 op, 570223200.00 ns, 135.9518 ns/op
WorkloadResult  12: 4194304 op, 572558200.00 ns, 136.5085 ns/op
WorkloadResult  13: 4194304 op, 556462800.00 ns, 132.6711 ns/op
// GC:  1385 0 0 8690597888 4194304
// Threading:  0 0 4194304

// AfterAll
// Benchmark Process 6696 has exited with code 0.
// Launch: 2 / 2
// Execute: dotnet ConcatSpanCollectionExpr-MediumRun-1.dll --anonymousPipes 1284 1300 --benchmarkName "ConcatSpanCollectionExpr.ConcatBench.CollectionExpr_Array(Size: 1024)" --job MediumRun --benchmarkId 6 in C:\projects\Benchmark.NET\Benchmark.NET\ConcatSpanCollectionExpr\bin\Release\net10.0\ConcatSpanCollectionExpr-MediumRun-1\bin\Release\net10.0
// BeforeAnythingElse

// Benchmark Process Environment Information:
// BenchmarkDotNet v0.15.8
// Runtime=.NET 10.0.1 (10.0.1, 10.0.125.57005), X64 RyuJIT x86-64-v3
// GC=Non-concurrent Workstation
// HardwareIntrinsics=AVX2+BMI1+BMI2+F16C+FMA+LZCNT+MOVBE,AVX,SSE3+SSSE3+SSE4.1+SSE4.2+POPCNT,X86Base+SSE+SSE2,AES+PCLMUL VectorSize=256
// Job: MediumRun(IterationCount=15, LaunchCount=2, WarmupCount=10)

OverheadJitting  1: 1 op, 192700.00 ns, 192.7000 us/op
WorkloadJitting  1: 1 op, 376000.00 ns, 376.0000 us/op

OverheadJitting  2: 16 op, 426800.00 ns, 26.6750 us/op
WorkloadJitting  2: 16 op, 438500.00 ns, 27.4063 us/op

WorkloadPilot    1: 16 op, 17200.00 ns, 1.0750 us/op
WorkloadPilot    2: 32 op, 29800.00 ns, 931.2500 ns/op
WorkloadPilot    3: 64 op, 56900.00 ns, 889.0625 ns/op
WorkloadPilot    4: 128 op, 122000.00 ns, 953.1250 ns/op
WorkloadPilot    5: 256 op, 166200.00 ns, 649.2188 ns/op
WorkloadPilot    6: 512 op, 341600.00 ns, 667.1875 ns/op
WorkloadPilot    7: 1024 op, 682300.00 ns, 666.3086 ns/op
WorkloadPilot    8: 2048 op, 1373900.00 ns, 670.8496 ns/op
WorkloadPilot    9: 4096 op, 2391800.00 ns, 583.9355 ns/op
WorkloadPilot   10: 8192 op, 2212100.00 ns, 270.0317 ns/op
WorkloadPilot   11: 16384 op, 4140000.00 ns, 252.6855 ns/op
WorkloadPilot   12: 32768 op, 7750400.00 ns, 236.5234 ns/op
WorkloadPilot   13: 65536 op, 13362300.00 ns, 203.8925 ns/op
WorkloadPilot   14: 131072 op, 25336000.00 ns, 193.2983 ns/op
WorkloadPilot   15: 262144 op, 50412600.00 ns, 192.3088 ns/op
WorkloadPilot   16: 524288 op, 98171200.00 ns, 187.2467 ns/op
WorkloadPilot   17: 1048576 op, 145588500.00 ns, 138.8440 ns/op
WorkloadPilot   18: 2097152 op, 302227800.00 ns, 144.1134 ns/op
WorkloadPilot   19: 4194304 op, 568441100.00 ns, 135.5269 ns/op

OverheadWarmup   1: 4194304 op, 10696100.00 ns, 2.5501 ns/op
OverheadWarmup   2: 4194304 op, 10721400.00 ns, 2.5562 ns/op
OverheadWarmup   3: 4194304 op, 10686100.00 ns, 2.5478 ns/op
OverheadWarmup   4: 4194304 op, 10786700.00 ns, 2.5717 ns/op
OverheadWarmup   5: 4194304 op, 10710700.00 ns, 2.5536 ns/op

OverheadActual   1: 4194304 op, 10682600.00 ns, 2.5469 ns/op
OverheadActual   2: 4194304 op, 10883800.00 ns, 2.5949 ns/op
OverheadActual   3: 4194304 op, 10792000.00 ns, 2.5730 ns/op
OverheadActual   4: 4194304 op, 10731900.00 ns, 2.5587 ns/op
OverheadActual   5: 4194304 op, 10710900.00 ns, 2.5537 ns/op
OverheadActual   6: 4194304 op, 10685100.00 ns, 2.5475 ns/op
OverheadActual   7: 4194304 op, 10683100.00 ns, 2.5470 ns/op
OverheadActual   8: 4194304 op, 10920000.00 ns, 2.6035 ns/op
OverheadActual   9: 4194304 op, 10783000.00 ns, 2.5709 ns/op
OverheadActual  10: 4194304 op, 10923500.00 ns, 2.6044 ns/op
OverheadActual  11: 4194304 op, 10879400.00 ns, 2.5939 ns/op
OverheadActual  12: 4194304 op, 10764700.00 ns, 2.5665 ns/op
OverheadActual  13: 4194304 op, 10934100.00 ns, 2.6069 ns/op
OverheadActual  14: 4194304 op, 10041400.00 ns, 2.3941 ns/op
OverheadActual  15: 4194304 op, 8097500.00 ns, 1.9306 ns/op
OverheadActual  16: 4194304 op, 7973000.00 ns, 1.9009 ns/op
OverheadActual  17: 4194304 op, 7978200.00 ns, 1.9022 ns/op
OverheadActual  18: 4194304 op, 7979500.00 ns, 1.9025 ns/op
OverheadActual  19: 4194304 op, 8076300.00 ns, 1.9255 ns/op
OverheadActual  20: 4194304 op, 8163000.00 ns, 1.9462 ns/op

WorkloadWarmup   1: 4194304 op, 614801400.00 ns, 146.5801 ns/op
WorkloadWarmup   2: 4194304 op, 601098600.00 ns, 143.3131 ns/op
WorkloadWarmup   3: 4194304 op, 621073800.00 ns, 148.0755 ns/op
WorkloadWarmup   4: 4194304 op, 607100800.00 ns, 144.7441 ns/op
WorkloadWarmup   5: 4194304 op, 587669500.00 ns, 140.1113 ns/op
WorkloadWarmup   6: 4194304 op, 588813000.00 ns, 140.3840 ns/op
WorkloadWarmup   7: 4194304 op, 574703000.00 ns, 137.0199 ns/op
WorkloadWarmup   8: 4194304 op, 566978500.00 ns, 135.1782 ns/op
WorkloadWarmup   9: 4194304 op, 562885200.00 ns, 134.2023 ns/op
WorkloadWarmup  10: 4194304 op, 561575600.00 ns, 133.8901 ns/op

// BeforeActualRun
WorkloadActual   1: 4194304 op, 570283200.00 ns, 135.9661 ns/op
WorkloadActual   2: 4194304 op, 583780900.00 ns, 139.1842 ns/op
WorkloadActual   3: 4194304 op, 583193800.00 ns, 139.0442 ns/op
WorkloadActual   4: 4194304 op, 585196700.00 ns, 139.5218 ns/op
WorkloadActual   5: 4194304 op, 599120700.00 ns, 142.8415 ns/op
WorkloadActual   6: 4194304 op, 585444800.00 ns, 139.5809 ns/op
WorkloadActual   7: 4194304 op, 581345400.00 ns, 138.6035 ns/op
WorkloadActual   8: 4194304 op, 581768500.00 ns, 138.7044 ns/op
WorkloadActual   9: 4194304 op, 580855900.00 ns, 138.4868 ns/op
WorkloadActual  10: 4194304 op, 567192700.00 ns, 135.2293 ns/op
WorkloadActual  11: 4194304 op, 563389000.00 ns, 134.3224 ns/op
WorkloadActual  12: 4194304 op, 591062000.00 ns, 140.9202 ns/op
WorkloadActual  13: 4194304 op, 563440300.00 ns, 134.3346 ns/op
WorkloadActual  14: 4194304 op, 563669200.00 ns, 134.3892 ns/op
WorkloadActual  15: 4194304 op, 572256200.00 ns, 136.4365 ns/op

// AfterActualRun
WorkloadResult   1: 4194304 op, 559585200.00 ns, 133.4155 ns/op
WorkloadResult   2: 4194304 op, 573082900.00 ns, 136.6336 ns/op
WorkloadResult   3: 4194304 op, 572495800.00 ns, 136.4936 ns/op
WorkloadResult   4: 4194304 op, 574498700.00 ns, 136.9712 ns/op
WorkloadResult   5: 4194304 op, 588422700.00 ns, 140.2909 ns/op
WorkloadResult   6: 4194304 op, 574746800.00 ns, 137.0303 ns/op
WorkloadResult   7: 4194304 op, 570647400.00 ns, 136.0529 ns/op
WorkloadResult   8: 4194304 op, 571070500.00 ns, 136.1538 ns/op
WorkloadResult   9: 4194304 op, 570157900.00 ns, 135.9362 ns/op
WorkloadResult  10: 4194304 op, 556494700.00 ns, 132.6787 ns/op
WorkloadResult  11: 4194304 op, 552691000.00 ns, 131.7718 ns/op
WorkloadResult  12: 4194304 op, 580364000.00 ns, 138.3696 ns/op
WorkloadResult  13: 4194304 op, 552742300.00 ns, 131.7840 ns/op
WorkloadResult  14: 4194304 op, 552971200.00 ns, 131.8386 ns/op
WorkloadResult  15: 4194304 op, 561558200.00 ns, 133.8859 ns/op
// GC:  1385 0 0 8690597888 4194304
// Threading:  0 0 4194304

// AfterAll
// Benchmark Process 28800 has exited with code 0.

Mean = 137.493 ns, StdErr = 0.822 ns (0.60%), N = 28, StdDev = 4.351 ns
Min = 131.772 ns, Q1 = 135.424 ns, Median = 136.731 ns, Q3 = 139.449 ns, Max = 150.372 ns
IQR = 4.026 ns, LowerFence = 129.385 ns, UpperFence = 145.488 ns
ConfidenceInterval = [134.459 ns; 140.527 ns] (CI 99.9%), Margin = 3.034 ns (2.21% of Mean)
Skewness = 0.93, Kurtosis = 3.79, MValue = 2

// ** Remained 1 (12.5%) benchmark(s) to run. Estimated finish 2026-01-10 18:17 (0h 0m from now) **
Setup power plan (GUID: 8c5e7fda-e8bf-4a96-9a85-a6e23a8c635c FriendlyName: High performance)
// **************************
// Benchmark: ConcatBench.CustomConcat_Array: MediumRun(IterationCount=15, LaunchCount=2, WarmupCount=10) [Size=1024]
// *** Execute ***
// Launch: 1 / 2
// Execute: dotnet ConcatSpanCollectionExpr-MediumRun-1.dll --anonymousPipes 1184 1260 --benchmarkName "ConcatSpanCollectionExpr.ConcatBench.CustomConcat_Array(Size: 1024)" --job MediumRun --benchmarkId 7 in C:\projects\Benchmark.NET\Benchmark.NET\ConcatSpanCollectionExpr\bin\Release\net10.0\ConcatSpanCollectionExpr-MediumRun-1\bin\Release\net10.0
// BeforeAnythingElse

// Benchmark Process Environment Information:
// BenchmarkDotNet v0.15.8
// Runtime=.NET 10.0.1 (10.0.1, 10.0.125.57005), X64 RyuJIT x86-64-v3
// GC=Non-concurrent Workstation
// HardwareIntrinsics=AVX2+BMI1+BMI2+F16C+FMA+LZCNT+MOVBE,AVX,SSE3+SSSE3+SSE4.1+SSE4.2+POPCNT,X86Base+SSE+SSE2,AES+PCLMUL VectorSize=256
// Job: MediumRun(IterationCount=15, LaunchCount=2, WarmupCount=10)

OverheadJitting  1: 1 op, 181700.00 ns, 181.7000 us/op
WorkloadJitting  1: 1 op, 423800.00 ns, 423.8000 us/op

OverheadJitting  2: 16 op, 412300.00 ns, 25.7688 us/op
WorkloadJitting  2: 16 op, 442100.00 ns, 27.6313 us/op

WorkloadPilot    1: 16 op, 21000.00 ns, 1.3125 us/op
WorkloadPilot    2: 32 op, 37300.00 ns, 1.1656 us/op
WorkloadPilot    3: 64 op, 55000.00 ns, 859.3750 ns/op
WorkloadPilot    4: 128 op, 113400.00 ns, 885.9375 ns/op
WorkloadPilot    5: 256 op, 170400.00 ns, 665.6250 ns/op
WorkloadPilot    6: 512 op, 353100.00 ns, 689.6484 ns/op
WorkloadPilot    7: 1024 op, 704300.00 ns, 687.7930 ns/op
WorkloadPilot    8: 2048 op, 1654900.00 ns, 808.0566 ns/op
WorkloadPilot    9: 4096 op, 2275600.00 ns, 555.5664 ns/op
WorkloadPilot   10: 8192 op, 2231700.00 ns, 272.4243 ns/op
WorkloadPilot   11: 16384 op, 3928700.00 ns, 239.7888 ns/op
WorkloadPilot   12: 32768 op, 7693400.00 ns, 234.7839 ns/op
WorkloadPilot   13: 65536 op, 12937300.00 ns, 197.4075 ns/op
WorkloadPilot   14: 131072 op, 25177700.00 ns, 192.0906 ns/op
WorkloadPilot   15: 262144 op, 48668100.00 ns, 185.6541 ns/op
WorkloadPilot   16: 524288 op, 94062400.00 ns, 179.4098 ns/op
WorkloadPilot   17: 1048576 op, 143285000.00 ns, 136.6472 ns/op
WorkloadPilot   18: 2097152 op, 291514300.00 ns, 139.0049 ns/op
WorkloadPilot   19: 4194304 op, 570708100.00 ns, 136.0674 ns/op

OverheadWarmup   1: 4194304 op, 10682000.00 ns, 2.5468 ns/op
OverheadWarmup   2: 4194304 op, 10691000.00 ns, 2.5489 ns/op
OverheadWarmup   3: 4194304 op, 10711000.00 ns, 2.5537 ns/op
OverheadWarmup   4: 4194304 op, 10704800.00 ns, 2.5522 ns/op
OverheadWarmup   5: 4194304 op, 10686100.00 ns, 2.5478 ns/op
OverheadWarmup   6: 4194304 op, 10714400.00 ns, 2.5545 ns/op
OverheadWarmup   7: 4194304 op, 10687200.00 ns, 2.5480 ns/op

OverheadActual   1: 4194304 op, 10706300.00 ns, 2.5526 ns/op
OverheadActual   2: 4194304 op, 10694600.00 ns, 2.5498 ns/op
OverheadActual   3: 4194304 op, 10684600.00 ns, 2.5474 ns/op
OverheadActual   4: 4194304 op, 10697700.00 ns, 2.5505 ns/op
OverheadActual   5: 4194304 op, 10718200.00 ns, 2.5554 ns/op
OverheadActual   6: 4194304 op, 10684300.00 ns, 2.5473 ns/op
OverheadActual   7: 4194304 op, 10724200.00 ns, 2.5568 ns/op
OverheadActual   8: 4194304 op, 10708800.00 ns, 2.5532 ns/op
OverheadActual   9: 4194304 op, 10682300.00 ns, 2.5469 ns/op
OverheadActual  10: 4194304 op, 10750600.00 ns, 2.5631 ns/op
OverheadActual  11: 4194304 op, 10703000.00 ns, 2.5518 ns/op
OverheadActual  12: 4194304 op, 10682500.00 ns, 2.5469 ns/op
OverheadActual  13: 4194304 op, 10711100.00 ns, 2.5537 ns/op
OverheadActual  14: 4194304 op, 10685200.00 ns, 2.5476 ns/op
OverheadActual  15: 4194304 op, 10682900.00 ns, 2.5470 ns/op

WorkloadWarmup   1: 4194304 op, 588296700.00 ns, 140.2609 ns/op
WorkloadWarmup   2: 4194304 op, 588185100.00 ns, 140.2343 ns/op
WorkloadWarmup   3: 4194304 op, 590228000.00 ns, 140.7213 ns/op
WorkloadWarmup   4: 4194304 op, 711068900.00 ns, 169.5320 ns/op
WorkloadWarmup   5: 4194304 op, 586974300.00 ns, 139.9456 ns/op
WorkloadWarmup   6: 4194304 op, 585875800.00 ns, 139.6837 ns/op
WorkloadWarmup   7: 4194304 op, 573868700.00 ns, 136.8210 ns/op
WorkloadWarmup   8: 4194304 op, 604889500.00 ns, 144.2169 ns/op
WorkloadWarmup   9: 4194304 op, 605079400.00 ns, 144.2622 ns/op
WorkloadWarmup  10: 4194304 op, 618445300.00 ns, 147.4488 ns/op

// BeforeActualRun
WorkloadActual   1: 4194304 op, 591994200.00 ns, 141.1424 ns/op
WorkloadActual   2: 4194304 op, 603249200.00 ns, 143.8258 ns/op
WorkloadActual   3: 4194304 op, 582156900.00 ns, 138.7970 ns/op
WorkloadActual   4: 4194304 op, 604679200.00 ns, 144.1668 ns/op
WorkloadActual   5: 4194304 op, 583746800.00 ns, 139.1761 ns/op
WorkloadActual   6: 4194304 op, 575110300.00 ns, 137.1170 ns/op
WorkloadActual   7: 4194304 op, 583288400.00 ns, 139.0668 ns/op
WorkloadActual   8: 4194304 op, 582419800.00 ns, 138.8597 ns/op
WorkloadActual   9: 4194304 op, 580160200.00 ns, 138.3210 ns/op
WorkloadActual  10: 4194304 op, 574282000.00 ns, 136.9195 ns/op
WorkloadActual  11: 4194304 op, 607151900.00 ns, 144.7563 ns/op
WorkloadActual  12: 4194304 op, 610216100.00 ns, 145.4869 ns/op
WorkloadActual  13: 4194304 op, 617136700.00 ns, 147.1369 ns/op
WorkloadActual  14: 4194304 op, 600733600.00 ns, 143.2261 ns/op
WorkloadActual  15: 4194304 op, 598996500.00 ns, 142.8119 ns/op

// AfterActualRun
WorkloadResult   1: 4194304 op, 581296500.00 ns, 138.5919 ns/op
WorkloadResult   2: 4194304 op, 592551500.00 ns, 141.2753 ns/op
WorkloadResult   3: 4194304 op, 571459200.00 ns, 136.2465 ns/op
WorkloadResult   4: 4194304 op, 593981500.00 ns, 141.6162 ns/op
WorkloadResult   5: 4194304 op, 573049100.00 ns, 136.6256 ns/op
WorkloadResult   6: 4194304 op, 564412600.00 ns, 134.5665 ns/op
WorkloadResult   7: 4194304 op, 572590700.00 ns, 136.5163 ns/op
WorkloadResult   8: 4194304 op, 571722100.00 ns, 136.3092 ns/op
WorkloadResult   9: 4194304 op, 569462500.00 ns, 135.7704 ns/op
WorkloadResult  10: 4194304 op, 563584300.00 ns, 134.3690 ns/op
WorkloadResult  11: 4194304 op, 596454200.00 ns, 142.2058 ns/op
WorkloadResult  12: 4194304 op, 599518400.00 ns, 142.9363 ns/op
WorkloadResult  13: 4194304 op, 606439000.00 ns, 144.5863 ns/op
WorkloadResult  14: 4194304 op, 590035900.00 ns, 140.6755 ns/op
WorkloadResult  15: 4194304 op, 588298800.00 ns, 140.2614 ns/op
// GC:  1385 0 0 8690597888 4194304
// Threading:  0 0 4194304

// AfterAll
// Benchmark Process 27276 has exited with code 0.
// Launch: 2 / 2
// Execute: dotnet ConcatSpanCollectionExpr-MediumRun-1.dll --anonymousPipes 1264 300 --benchmarkName "ConcatSpanCollectionExpr.ConcatBench.CustomConcat_Array(Size: 1024)" --job MediumRun --benchmarkId 7 in C:\projects\Benchmark.NET\Benchmark.NET\ConcatSpanCollectionExpr\bin\Release\net10.0\ConcatSpanCollectionExpr-MediumRun-1\bin\Release\net10.0
// BeforeAnythingElse

// Benchmark Process Environment Information:
// BenchmarkDotNet v0.15.8
// Runtime=.NET 10.0.1 (10.0.1, 10.0.125.57005), X64 RyuJIT x86-64-v3
// GC=Non-concurrent Workstation
// HardwareIntrinsics=AVX2+BMI1+BMI2+F16C+FMA+LZCNT+MOVBE,AVX,SSE3+SSSE3+SSE4.1+SSE4.2+POPCNT,X86Base+SSE+SSE2,AES+PCLMUL VectorSize=256
// Job: MediumRun(IterationCount=15, LaunchCount=2, WarmupCount=10)

OverheadJitting  1: 1 op, 205500.00 ns, 205.5000 us/op
WorkloadJitting  1: 1 op, 428500.00 ns, 428.5000 us/op

OverheadJitting  2: 16 op, 454500.00 ns, 28.4063 us/op
WorkloadJitting  2: 16 op, 445800.00 ns, 27.8625 us/op

WorkloadPilot    1: 16 op, 19100.00 ns, 1.1938 us/op
WorkloadPilot    2: 32 op, 32700.00 ns, 1.0219 us/op
WorkloadPilot    3: 64 op, 58300.00 ns, 910.9375 ns/op
WorkloadPilot    4: 128 op, 108400.00 ns, 846.8750 ns/op
WorkloadPilot    5: 256 op, 161700.00 ns, 631.6406 ns/op
WorkloadPilot    6: 512 op, 338900.00 ns, 661.9141 ns/op
WorkloadPilot    7: 1024 op, 675800.00 ns, 659.9609 ns/op
WorkloadPilot    8: 2048 op, 1356200.00 ns, 662.2070 ns/op
WorkloadPilot    9: 4096 op, 2156000.00 ns, 526.3672 ns/op
WorkloadPilot   10: 8192 op, 2587400.00 ns, 315.8447 ns/op
WorkloadPilot   11: 16384 op, 5433500.00 ns, 331.6345 ns/op
WorkloadPilot   12: 32768 op, 7033200.00 ns, 214.6362 ns/op
WorkloadPilot   13: 65536 op, 14256400.00 ns, 217.5354 ns/op
WorkloadPilot   14: 131072 op, 27060400.00 ns, 206.4545 ns/op
WorkloadPilot   15: 262144 op, 51289100.00 ns, 195.6524 ns/op
WorkloadPilot   16: 524288 op, 94337000.00 ns, 179.9335 ns/op
WorkloadPilot   17: 1048576 op, 148317800.00 ns, 141.4469 ns/op
WorkloadPilot   18: 2097152 op, 316820900.00 ns, 151.0720 ns/op
WorkloadPilot   19: 4194304 op, 651960500.00 ns, 155.4395 ns/op

OverheadWarmup   1: 4194304 op, 10800900.00 ns, 2.5751 ns/op
OverheadWarmup   2: 4194304 op, 10880800.00 ns, 2.5942 ns/op
OverheadWarmup   3: 4194304 op, 10808400.00 ns, 2.5769 ns/op
OverheadWarmup   4: 4194304 op, 10774200.00 ns, 2.5688 ns/op
OverheadWarmup   5: 4194304 op, 10790200.00 ns, 2.5726 ns/op
OverheadWarmup   6: 4194304 op, 10832900.00 ns, 2.5828 ns/op
OverheadWarmup   7: 4194304 op, 10769100.00 ns, 2.5676 ns/op

OverheadActual   1: 4194304 op, 10794500.00 ns, 2.5736 ns/op
OverheadActual   2: 4194304 op, 10818600.00 ns, 2.5794 ns/op
OverheadActual   3: 4194304 op, 10788300.00 ns, 2.5721 ns/op
OverheadActual   4: 4194304 op, 10892200.00 ns, 2.5969 ns/op
OverheadActual   5: 4194304 op, 10769900.00 ns, 2.5677 ns/op
OverheadActual   6: 4194304 op, 10891700.00 ns, 2.5968 ns/op
OverheadActual   7: 4194304 op, 10933100.00 ns, 2.6067 ns/op
OverheadActual   8: 4194304 op, 10793700.00 ns, 2.5734 ns/op
OverheadActual   9: 4194304 op, 10801100.00 ns, 2.5752 ns/op
OverheadActual  10: 4194304 op, 10734000.00 ns, 2.5592 ns/op
OverheadActual  11: 4194304 op, 10720600.00 ns, 2.5560 ns/op
OverheadActual  12: 4194304 op, 10738600.00 ns, 2.5603 ns/op
OverheadActual  13: 4194304 op, 10741600.00 ns, 2.5610 ns/op
OverheadActual  14: 4194304 op, 10742700.00 ns, 2.5613 ns/op
OverheadActual  15: 4194304 op, 10737400.00 ns, 2.5600 ns/op

WorkloadWarmup   1: 4194304 op, 609657800.00 ns, 145.3537 ns/op
WorkloadWarmup   2: 4194304 op, 612448000.00 ns, 146.0190 ns/op
WorkloadWarmup   3: 4194304 op, 617690400.00 ns, 147.2689 ns/op
WorkloadWarmup   4: 4194304 op, 602700600.00 ns, 143.6950 ns/op
WorkloadWarmup   5: 4194304 op, 585375300.00 ns, 139.5643 ns/op
WorkloadWarmup   6: 4194304 op, 586094800.00 ns, 139.7359 ns/op
WorkloadWarmup   7: 4194304 op, 594700000.00 ns, 141.7875 ns/op
WorkloadWarmup   8: 4194304 op, 586798800.00 ns, 139.9037 ns/op
WorkloadWarmup   9: 4194304 op, 567340600.00 ns, 135.2645 ns/op
WorkloadWarmup  10: 4194304 op, 565167000.00 ns, 134.7463 ns/op

// BeforeActualRun
WorkloadActual   1: 4194304 op, 585122900.00 ns, 139.5042 ns/op
WorkloadActual   2: 4194304 op, 582521900.00 ns, 138.8840 ns/op
WorkloadActual   3: 4194304 op, 576863100.00 ns, 137.5349 ns/op
WorkloadActual   4: 4194304 op, 564015600.00 ns, 134.4718 ns/op
WorkloadActual   5: 4194304 op, 565531400.00 ns, 134.8332 ns/op
WorkloadActual   6: 4194304 op, 565439500.00 ns, 134.8113 ns/op
WorkloadActual   7: 4194304 op, 564611700.00 ns, 134.6139 ns/op
WorkloadActual   8: 4194304 op, 566250600.00 ns, 135.0047 ns/op
WorkloadActual   9: 4194304 op, 619941300.00 ns, 147.8055 ns/op
WorkloadActual  10: 4194304 op, 615033800.00 ns, 146.6355 ns/op
WorkloadActual  11: 4194304 op, 610135800.00 ns, 145.4677 ns/op
WorkloadActual  12: 4194304 op, 724846900.00 ns, 172.8170 ns/op
WorkloadActual  13: 4194304 op, 643611400.00 ns, 153.4489 ns/op
WorkloadActual  14: 4194304 op, 617942500.00 ns, 147.3290 ns/op
WorkloadActual  15: 4194304 op, 598157800.00 ns, 142.6119 ns/op

// AfterActualRun
WorkloadResult   1: 4194304 op, 574334600.00 ns, 136.9320 ns/op
WorkloadResult   2: 4194304 op, 571733600.00 ns, 136.3119 ns/op
WorkloadResult   3: 4194304 op, 566074800.00 ns, 134.9627 ns/op
WorkloadResult   4: 4194304 op, 553227300.00 ns, 131.8997 ns/op
WorkloadResult   5: 4194304 op, 554743100.00 ns, 132.2611 ns/op
WorkloadResult   6: 4194304 op, 554651200.00 ns, 132.2392 ns/op
WorkloadResult   7: 4194304 op, 553823400.00 ns, 132.0418 ns/op
WorkloadResult   8: 4194304 op, 555462300.00 ns, 132.4325 ns/op
WorkloadResult   9: 4194304 op, 609153000.00 ns, 145.2334 ns/op
WorkloadResult  10: 4194304 op, 604245500.00 ns, 144.0634 ns/op
WorkloadResult  11: 4194304 op, 599347500.00 ns, 142.8956 ns/op
WorkloadResult  12: 4194304 op, 632823100.00 ns, 150.8768 ns/op
WorkloadResult  13: 4194304 op, 607154200.00 ns, 144.7568 ns/op
WorkloadResult  14: 4194304 op, 587369500.00 ns, 140.0398 ns/op
// GC:  1385 0 0 8690597888 4194304
// Threading:  0 0 4194304

// AfterAll
// Benchmark Process 29948 has exited with code 0.

Mean = 138.603 ns, StdErr = 0.904 ns (0.65%), N = 29, StdDev = 4.866 ns
Min = 131.900 ns, Q1 = 134.963 ns, Median = 136.932 ns, Q3 = 142.206 ns, Max = 150.877 ns
IQR = 7.243 ns, LowerFence = 124.098 ns, UpperFence = 153.070 ns
ConfidenceInterval = [135.284 ns; 141.923 ns] (CI 99.9%), Margin = 3.320 ns (2.40% of Mean)
Skewness = 0.42, Kurtosis = 2.39, MValue = 3.2

// ** Remained 0 (0.0%) benchmark(s) to run. Estimated finish 2026-01-10 18:17 (0h 0m from now) **
Successfully reverted power plan (GUID: 8c5e7fda-e8bf-4a96-9a85-a6e23a8c635c FriendlyName: High performance)
// ***** BenchmarkRunner: Finish  *****

// * Export *
  BenchmarkDotNet.Artifacts\results\ConcatSpanCollectionExpr.ConcatBench-report.csv
  BenchmarkDotNet.Artifacts\results\ConcatSpanCollectionExpr.ConcatBench-report-github.md
  BenchmarkDotNet.Artifacts\results\ConcatSpanCollectionExpr.ConcatBench-report.html

// * Detailed results *
ConcatBench.CollectionExpr_Array: MediumRun(IterationCount=15, LaunchCount=2, WarmupCount=10) [Size=4]
Runtime = .NET 10.0.1 (10.0.1, 10.0.125.57005), X64 RyuJIT x86-64-v3; GC = Non-concurrent Workstation
Mean = 12.917 ns, StdErr = 0.078 ns (0.60%), N = 30, StdDev = 0.426 ns
Min = 12.242 ns, Q1 = 12.608 ns, Median = 12.871 ns, Q3 = 13.262 ns, Max = 13.745 ns
IQR = 0.654 ns, LowerFence = 11.627 ns, UpperFence = 14.242 ns
ConfidenceInterval = [12.632 ns; 13.202 ns] (CI 99.9%), Margin = 0.285 ns (2.21% of Mean)
Skewness = 0.27, Kurtosis = 1.89, MValue = 2
-------------------- Histogram --------------------
[12.062 ns ; 12.354 ns) | @@
[12.354 ns ; 12.715 ns) | @@@@@@@@@@
[12.715 ns ; 13.088 ns) | @@@@@@@@@
[13.088 ns ; 13.583 ns) | @@@@@@@
[13.583 ns ; 13.926 ns) | @@
---------------------------------------------------

ConcatBench.CustomConcat_Array: MediumRun(IterationCount=15, LaunchCount=2, WarmupCount=10) [Size=4]
Runtime = .NET 10.0.1 (10.0.1, 10.0.125.57005), X64 RyuJIT x86-64-v3; GC = Non-concurrent Workstation
Mean = 13.044 ns, StdErr = 0.086 ns (0.66%), N = 29, StdDev = 0.461 ns
Min = 12.500 ns, Q1 = 12.695 ns, Median = 12.852 ns, Q3 = 13.324 ns, Max = 14.139 ns
IQR = 0.629 ns, LowerFence = 11.752 ns, UpperFence = 14.268 ns
ConfidenceInterval = [12.729 ns; 13.358 ns] (CI 99.9%), Margin = 0.315 ns (2.41% of Mean)
Skewness = 0.82, Kurtosis = 2.52, MValue = 2.82
-------------------- Histogram --------------------
[12.303 ns ; 12.935 ns) | @@@@@@@@@@@@@@@@@
[12.935 ns ; 13.203 ns) | @
[13.203 ns ; 13.781 ns) | @@@@@@@@
[13.781 ns ; 14.175 ns) | @@@
---------------------------------------------------

ConcatBench.CollectionExpr_Array: MediumRun(IterationCount=15, LaunchCount=2, WarmupCount=10) [Size=10]
Runtime = .NET 10.0.1 (10.0.1, 10.0.125.57005), X64 RyuJIT x86-64-v3; GC = Non-concurrent Workstation
Mean = 13.245 ns, StdErr = 0.051 ns (0.39%), N = 26, StdDev = 0.261 ns
Min = 12.906 ns, Q1 = 13.038 ns, Median = 13.185 ns, Q3 = 13.377 ns, Max = 13.896 ns
IQR = 0.339 ns, LowerFence = 12.529 ns, UpperFence = 13.885 ns
ConfidenceInterval = [13.054 ns; 13.436 ns] (CI 99.9%), Margin = 0.191 ns (1.44% of Mean)
Skewness = 0.66, Kurtosis = 2.57, MValue = 2
-------------------- Histogram --------------------
[12.887 ns ; 13.405 ns) | @@@@@@@@@@@@@@@@@@@@
[13.405 ns ; 13.943 ns) | @@@@@@
---------------------------------------------------

ConcatBench.CustomConcat_Array: MediumRun(IterationCount=15, LaunchCount=2, WarmupCount=10) [Size=10]
Runtime = .NET 10.0.1 (10.0.1, 10.0.125.57005), X64 RyuJIT x86-64-v3; GC = Non-concurrent Workstation
Mean = 13.805 ns, StdErr = 0.086 ns (0.62%), N = 30, StdDev = 0.472 ns
Min = 13.109 ns, Q1 = 13.389 ns, Median = 13.781 ns, Q3 = 14.152 ns, Max = 14.665 ns
IQR = 0.764 ns, LowerFence = 12.243 ns, UpperFence = 15.298 ns
ConfidenceInterval = [13.489 ns; 14.120 ns] (CI 99.9%), Margin = 0.315 ns (2.29% of Mean)
Skewness = 0.15, Kurtosis = 1.7, MValue = 2
-------------------- Histogram --------------------
[12.909 ns ; 13.191 ns) | @@
[13.191 ns ; 13.590 ns) | @@@@@@@@@@
[13.590 ns ; 14.155 ns) | @@@@@@@@@@@
[14.155 ns ; 14.742 ns) | @@@@@@@
---------------------------------------------------

ConcatBench.CollectionExpr_Array: MediumRun(IterationCount=15, LaunchCount=2, WarmupCount=10) [Size=100]
Runtime = .NET 10.0.1 (10.0.1, 10.0.125.57005), X64 RyuJIT x86-64-v3; GC = Non-concurrent Workstation
Mean = 25.737 ns, StdErr = 0.173 ns (0.67%), N = 28, StdDev = 0.914 ns
Min = 24.400 ns, Q1 = 24.848 ns, Median = 25.742 ns, Q3 = 26.432 ns, Max = 27.483 ns
IQR = 1.583 ns, LowerFence = 22.473 ns, UpperFence = 28.807 ns
ConfidenceInterval = [25.100 ns; 26.375 ns] (CI 99.9%), Margin = 0.638 ns (2.48% of Mean)
Skewness = 0.2, Kurtosis = 1.96, MValue = 2.73
-------------------- Histogram --------------------
[24.229 ns ; 25.020 ns) | @@@@@@@@
[25.020 ns ; 25.704 ns) | @@@@
[25.704 ns ; 26.714 ns) | @@@@@@@@@@@
[26.714 ns ; 27.505 ns) | @@@@@
---------------------------------------------------

ConcatBench.CustomConcat_Array: MediumRun(IterationCount=15, LaunchCount=2, WarmupCount=10) [Size=100]
Runtime = .NET 10.0.1 (10.0.1, 10.0.125.57005), X64 RyuJIT x86-64-v3; GC = Non-concurrent Workstation
Mean = 26.542 ns, StdErr = 0.198 ns (0.75%), N = 27, StdDev = 1.030 ns
Min = 25.229 ns, Q1 = 25.856 ns, Median = 26.339 ns, Q3 = 27.217 ns, Max = 29.884 ns
IQR = 1.360 ns, LowerFence = 23.816 ns, UpperFence = 29.257 ns
ConfidenceInterval = [25.807 ns; 27.277 ns] (CI 99.9%), Margin = 0.735 ns (2.77% of Mean)
Skewness = 1.19, Kurtosis = 4.71, MValue = 2.91
-------------------- Histogram --------------------
[24.778 ns ; 25.543 ns) | @@@@
[25.543 ns ; 26.444 ns) | @@@@@@@@@@@@@
[26.444 ns ; 27.819 ns) | @@@@@@@@@
[27.819 ns ; 28.720 ns) | 
[28.720 ns ; 29.433 ns) | 
[29.433 ns ; 30.334 ns) | @
---------------------------------------------------

ConcatBench.CollectionExpr_Array: MediumRun(IterationCount=15, LaunchCount=2, WarmupCount=10) [Size=1024]
Runtime = .NET 10.0.1 (10.0.1, 10.0.125.57005), X64 RyuJIT x86-64-v3; GC = Non-concurrent Workstation
Mean = 137.493 ns, StdErr = 0.822 ns (0.60%), N = 28, StdDev = 4.351 ns
Min = 131.772 ns, Q1 = 135.424 ns, Median = 136.731 ns, Q3 = 139.449 ns, Max = 150.372 ns
IQR = 4.026 ns, LowerFence = 129.385 ns, UpperFence = 145.488 ns
ConfidenceInterval = [134.459 ns; 140.527 ns] (CI 99.9%), Margin = 3.034 ns (2.21% of Mean)
Skewness = 0.93, Kurtosis = 3.79, MValue = 2
-------------------- Histogram --------------------
[130.948 ns ; 134.709 ns) | @@@@@@@
[134.709 ns ; 139.447 ns) | @@@@@@@@@@@@@@
[139.447 ns ; 143.879 ns) | @@@@@
[143.879 ns ; 148.491 ns) | @
[148.491 ns ; 152.252 ns) | @
---------------------------------------------------

ConcatBench.CustomConcat_Array: MediumRun(IterationCount=15, LaunchCount=2, WarmupCount=10) [Size=1024]
Runtime = .NET 10.0.1 (10.0.1, 10.0.125.57005), X64 RyuJIT x86-64-v3; GC = Non-concurrent Workstation
Mean = 138.603 ns, StdErr = 0.904 ns (0.65%), N = 29, StdDev = 4.866 ns
Min = 131.900 ns, Q1 = 134.963 ns, Median = 136.932 ns, Q3 = 142.206 ns, Max = 150.877 ns
IQR = 7.243 ns, LowerFence = 124.098 ns, UpperFence = 153.070 ns
ConfidenceInterval = [135.284 ns; 141.923 ns] (CI 99.9%), Margin = 3.320 ns (2.40% of Mean)
Skewness = 0.42, Kurtosis = 2.39, MValue = 3.2
-------------------- Histogram --------------------
[129.821 ns ; 133.572 ns) | @@@@@
[133.572 ns ; 137.729 ns) | @@@@@@@@@@
[137.729 ns ; 141.175 ns) | @@@@
[141.175 ns ; 145.333 ns) | @@@@@@@@@
[145.333 ns ; 148.798 ns) | 
[148.798 ns ; 152.956 ns) | @
---------------------------------------------------

// * Summary *

BenchmarkDotNet v0.15.8, Windows 10 (10.0.19045.6691/22H2/2022Update)
Intel Core i5-10400F CPU 2.90GHz, 1 CPU, 12 logical and 6 physical cores
.NET SDK 10.0.101
  [Host]    : .NET 10.0.1 (10.0.1, 10.0.125.57005), X64 RyuJIT x86-64-v3
  MediumRun : .NET 10.0.1 (10.0.1, 10.0.125.57005), X64 RyuJIT x86-64-v3

Job=MediumRun  IterationCount=15  LaunchCount=2  
WarmupCount=10  

| Method               | Size | Mean      | Error    | StdDev   | Ratio | RatioSD | Gen0   | Allocated | Alloc Ratio |
|--------------------- |----- |----------:|---------:|---------:|------:|--------:|-------:|----------:|------------:|
| CollectionExpr_Array | 4    |  12.92 ns | 0.285 ns | 0.426 ns |  1.00 |    0.05 | 0.0051 |      32 B |        1.00 |
| CustomConcat_Array   | 4    |  13.04 ns | 0.315 ns | 0.461 ns |  1.01 |    0.05 | 0.0051 |      32 B |        1.00 |
|                      |      |           |          |          |       |         |        |           |             |
| CollectionExpr_Array | 10   |  13.24 ns | 0.191 ns | 0.261 ns |  1.00 |    0.03 | 0.0076 |      48 B |        1.00 |
| CustomConcat_Array   | 10   |  13.80 ns | 0.315 ns | 0.472 ns |  1.04 |    0.04 | 0.0076 |      48 B |        1.00 |
|                      |      |           |          |          |       |         |        |           |             |
| CollectionExpr_Array | 100  |  25.74 ns | 0.638 ns | 0.914 ns |  1.00 |    0.05 | 0.0357 |     224 B |        1.00 |
| CustomConcat_Array   | 100  |  26.54 ns | 0.735 ns | 1.030 ns |  1.03 |    0.05 | 0.0357 |     224 B |        1.00 |
|                      |      |           |          |          |       |         |        |           |             |
| CollectionExpr_Array | 1024 | 137.49 ns | 3.034 ns | 4.351 ns |  1.00 |    0.04 | 0.3302 |    2072 B |        1.00 |
| CustomConcat_Array   | 1024 | 138.60 ns | 3.320 ns | 4.866 ns |  1.01 |    0.05 | 0.3302 |    2072 B |        1.00 |

// * Warnings *
MultimodalDistribution
  ConcatBench.CustomConcat_Array: MediumRun -> It seems that the distribution can have several modes (mValue = 2.82)
  ConcatBench.CustomConcat_Array: MediumRun -> It seems that the distribution can have several modes (mValue = 2.91)
  ConcatBench.CustomConcat_Array: MediumRun -> It seems that the distribution can have several modes (mValue = 3.2)

// * Hints *
Outliers
  ConcatBench.CollectionExpr_Array: MediumRun -> 3 outliers were removed (16.49 ns..16.90 ns)
  ConcatBench.CustomConcat_Array: MediumRun   -> 4 outliers were removed (31.85 ns..33.74 ns)
  ConcatBench.CollectionExpr_Array: MediumRun -> 3 outliers were removed (153.49 ns..168.15 ns)
  ConcatBench.CustomConcat_Array: MediumRun   -> 1 outlier  was  removed (172.82 ns)

// * Legends *
  Size        : Value of the 'Size' parameter
  Mean        : Arithmetic mean of all measurements
  Error       : Half of 99.9% confidence interval
  StdDev      : Standard deviation of all measurements
  Ratio       : Mean of the ratio distribution ([Current]/[Baseline])
  RatioSD     : Standard deviation of the ratio distribution ([Current]/[Baseline])
  Gen0        : GC Generation 0 collects per 1000 operations
  Allocated   : Allocated memory per single operation (managed only, inclusive, 1KB = 1024B)
  Alloc Ratio : Allocated memory ratio distribution ([Current]/[Baseline])
  1 ns        : 1 Nanosecond (0.000000001 sec)

// * Diagnostic Output - MemoryDiagnoser *


// ***** BenchmarkRunner: End *****
Run time: 00:05:31 (331.64 sec), executed benchmarks: 8

Global total time: 00:05:40 (340.44 sec), executed benchmarks: 8
// * Artifacts cleanup *
Artifacts cleanup is finished
